timestamp,2026-03-13T11:00:47.840542,2026-03-13T11:28:55.028780,2026-03-13T11:43:35.072353,2026-03-13T11:56:33.547778,2026-03-21T22:08:45.775982,2026-04-24T14:26:46.723433,2026-04-24T14:31:38.297312,2026-06-09T11:31:47.266877,2026-06-09T11:31:47.783189,2026-06-09T11:31:48.292185,2026-06-09T11:31:48.811118,2026-06-09T11:31:49.323376,2026-06-09T11:31:49.855045,2026-06-09T11:31:50.383618,2026-06-09T11:31:50.887863,2026-06-09T11:31:51.392230,2026-06-09T11:31:51.922400,2026-06-09T11:31:52.429870,2026-06-09T11:31:52.933737,2026-06-09T11:31:53.456092,2026-06-09T11:31:53.970994,2026-06-09T11:31:54.493400,2026-06-09T11:31:54.997346,2026-06-09T11:31:55.504235,2026-06-09T11:31:56.018303,2026-06-09T11:31:56.539386,2026-06-09T11:31:57.047306,2026-06-09T11:31:57.571303,2026-06-09T11:31:58.107057,2026-06-09T11:31:58.658130,2026-06-09T11:31:59.205031,2026-06-09T11:31:59.728949,2026-06-09T11:32:00.277563,2026-06-09T11:32:00.804606,2026-06-09T11:32:01.337620,2026-06-09T11:32:01.850870,2026-06-09T11:32:02.363724,2026-06-09T11:32:02.893581,2026-06-09T11:32:03.400281,2026-06-09T11:32:03.945279,2026-06-09T11:32:04.507141,2026-06-09T11:32:05.041669,2026-06-09T11:32:05.573373,2026-06-09T11:32:06.132605,2026-06-09T11:32:06.660737,2026-06-09T11:32:07.211409,2026-06-09T11:32:07.760613,2026-06-09T11:32:08.306468,2026-06-09T11:32:08.832201,2026-06-09T11:32:09.365331,2026-06-09T11:32:09.909163,2026-06-09T11:32:10.416795,2026-06-09T11:32:10.956687,2026-06-09T11:32:11.488034,2026-06-09T11:32:12.022154,2026-06-09T11:32:12.546907,2026-06-09T11:32:13.056131,2026-06-09T11:32:13.583550,2026-06-09T11:32:14.118302,2026-06-09T11:32:14.634548,2026-06-09T11:32:15.141175,2026-06-09T11:32:15.689375,2026-06-09T11:32:16.254024,2026-06-09T11:32:16.784630,2026-06-09T11:32:17.323598,2026-06-09T11:32:17.853352,2026-06-09T11:32:18.416355,2026-06-09T11:32:18.953167,2026-06-09T11:32:19.504920,2026-06-09T11:32:20.022732,2026-06-09T11:32:20.534810,2026-06-09T11:32:21.101112,2026-06-09T11:32:21.655145,2026-06-09T11:32:22.199781,2026-06-09T11:32:22.737382,2026-06-09T11:32:23.279656,2026-06-09T11:32:23.815114,2026-06-09T11:32:24.332046,2026-06-09T11:32:24.851627,2026-06-09T11:32:25.377178,2026-06-09T11:32:25.898264,2026-06-09T11:32:26.438659,2026-06-09T11:32:26.957915,2026-06-09T11:32:27.472687,2026-06-09T11:32:27.985574,2026-06-09T11:32:28.545064,2026-06-09T11:32:29.068830,2026-06-09T11:32:29.606653,2026-06-09T11:32:30.123148,2026-06-09T11:32:30.639637,2026-06-09T11:32:31.162785,2026-06-09T11:32:31.675272,2026-06-09T11:32:32.184735,2026-06-09T11:32:32.704671,2026-06-09T11:32:33.250057,2026-06-09T11:32:33.813068,2026-06-09T11:32:34.379454,2026-06-09T11:32:34.926576,2026-06-09T11:32:35.444798,2026-06-09T11:32:36.009317,2026-06-09T11:32:36.525711,2026-06-09T11:32:37.063623,2026-06-09T11:32:37.592648,2026-06-09T11:32:38.127942,2026-06-09T11:32:38.635632,2026-06-09T11:32:39.167709,2026-06-09T11:32:39.715145,2026-06-09T11:32:40.249196,2026-06-09T11:32:40.771117,2026-06-09T11:32:41.299755,2026-06-09T11:32:41.836433,2026-06-09T11:32:42.353835,2026-06-09T11:32:42.891879,2026-06-09T11:32:43.436153,2026-06-09T11:32:43.972630,2026-06-09T11:32:44.495549,2026-06-09T11:32:45.006594,2026-06-09T11:32:45.523331,2026-06-09T11:32:46.109944,2026-06-09T11:32:46.676098,2026-06-09T11:32:47.191733,2026-06-09T11:32:47.708322,2026-06-09T11:32:48.256010,2026-06-09T11:32:48.783926,2026-06-09T11:32:49.300536,2026-06-09T11:32:49.813269,2026-06-09T11:32:50.343201,2026-06-09T11:32:50.870595,2026-06-09T11:32:51.404373,2026-06-09T11:32:51.971933,2026-06-09T11:32:52.508159,2026-06-09T11:32:53.043919,2026-06-09T11:32:53.553810,2026-06-09T11:32:54.093213,2026-06-09T11:32:54.631638,2026-06-09T11:32:55.148363,2026-06-09T11:32:55.664738,2026-06-09T11:32:56.232886,2026-06-09T11:32:56.768040,2026-06-09T11:32:57.322715,2026-06-09T11:32:57.881833,2026-06-09T11:32:58.451041,2026-06-09T11:32:58.980120,2026-06-09T11:32:59.571795
left_hip_pitch_q,-0.3698990046977997,-0.3521900773048401,-0.3660470247268677,-0.35106515884399414,-0.33381637930870056,-0.12235712260007858,-0.09034805744886398,-0.11880340427160263,-0.11880340427160263,-0.11879488080739975,-0.11881192773580551,-0.11882896721363068,-0.11881192773580551,-0.11882896721363068,-0.11882896721363068,-0.11881192773580551,-0.11881192773580551,-0.11884601414203644,-0.11883749067783356,-0.11881192773580551,-0.11880340427160263,-0.11882896721363068,-0.11881192773580551,-0.1309303641319275,-0.13099002838134766,-0.13099002838134766,-0.13090480864048004,-0.13095593452453613,-0.1309303641319275,-0.13094741106033325,-0.13089628517627716,-0.13089628517627716,-0.13093888759613037,-0.130964457988739,-0.13093888759613037,-0.13099855184555054,-0.1309218406677246,-0.1309218406677246,-0.13091333210468292,-0.13095593452453613,-0.13098150491714478,-0.13098150491714478,-0.13095593452453613,-0.13098150491714478,-0.130964457988739,-0.13095593452453613,-0.12200772017240524,-0.1446850597858429,-0.12251904606819153,-0.12093393504619598,-0.08760394155979156,-0.0920354351401329,-0.09183943271636963,-0.07026143372058868,-0.08746758848428726,-0.057145897299051285,-0.1014353334903717,-0.08883964270353317,-0.08324913680553436,-0.087356798350811,-0.08877146989107132,-0.07964428514242172,-0.07149714231491089,-0.070210300385952,-0.07655075192451477,-0.08196229487657547,-0.08807265758514404,-0.08953846246004105,-0.08716931194067001,-0.08324913680553436,-0.07437761127948761,-0.07023586332798004,-0.0744713544845581,-0.08435701578855515,-0.08407578617334366,-0.08393090963363647,-0.08386272937059402,-0.0827292874455452,-0.08493651449680328,-0.08508139103651047,-0.08784256130456924,-0.08486834168434143,-0.08508991450071335,-0.08668354898691177,-0.08641084283590317,-0.0855245441198349,-0.07889433950185776,-0.07979767769575119,-0.08613813668489456,-0.09114061295986176,-0.0922229215502739,-0.09206100553274155,-0.09207805246114731,-0.09210361540317535,-0.09213770180940628,-0.09216327220201492,-0.09214622527360916,-0.09131105989217758,-0.09216327220201492,-0.09294730424880981,-0.07702799141407013,-0.07654223591089249,-0.07081536948680878,-0.07086650282144547,-0.07701095193624496,-0.08160436898469925,-0.08957254886627197,-0.08124644309282303,-0.06363974511623383,-0.023517630994319916,-0.0520496740937233,-0.09087643027305603,-0.08958958834409714,-0.08311278373003006,-0.09560620784759521,-0.09566585719585419,-0.09568290412425995,-0.09578517079353333,-0.09581073373556137,-0.09574256092309952,-0.09574256092309952,-0.09577664732933044,-0.09575960040092468,-0.09573403745889664,-0.09622831642627716,-0.14139552414417267,-0.11192605644464493,-0.10917340964078903,-0.1091904565691948,-0.10916489362716675,-0.10922454297542572,-0.10925863683223724,-0.10917340964078903,-0.1092330664396286,-0.10921602696180344,-0.10921602696180344,-0.10920750349760056,-0.10921602696180344,-0.10919898003339767,-0.10922454297542572,-0.10921602696180344,-0.10918193310499191,-0.10917340964078903,-0.10917340964078903
left_hip_roll_q,-0.04070332646369934,-0.042416274547576904,-0.04086524620652199,-0.041453272104263306,-0.030195558443665504,-0.025158988311886787,-0.02198023907840252,0.004199698567390442,0.004259353503584862,0.004225265234708786,0.004199698567390442,0.004208222031593323,0.00419117696583271,0.004046300426125526,0.004148567095398903,0.004148567095398903,0.004259353503584862,0.004080390557646751,0.004140045493841171,0.00413152202963829,0.0041570886969566345,0.004140045493841171,0.004174133762717247,0.009082872420549393,0.009193658828735352,0.009219225496053696,0.009142525494098663,0.009193658828735352,0.009159570559859276,0.009193658828735352,0.009159570559859276,0.009176615625619888,0.009193658828735352,0.009159570559859276,0.009159570559859276,0.009193658828735352,0.009168092161417007,0.009159570559859276,0.009159570559859276,0.009159570559859276,0.009142525494098663,0.009142525494098663,0.009142525494098663,0.009142525494098663,0.009168092161417007,0.009159570559859276,0.005282007157802582,0.02158481627702713,0.005691070109605789,0.010062914341688156,0.003449752926826477,0.0032366998493671417,0.0037054158747196198,-0.004757043905556202,-0.013415513560175896,-0.00628250278532505,-0.004450247623026371,-0.004365026950836182,-0.005276893265545368,-0.00534506980329752,-0.005481423810124397,-0.006256936118006706,-0.006665998138487339,-0.006989838555455208,-0.0064699891954660416,-0.007049492560327053,-0.0057541318237781525,-0.005302459001541138,-0.004816698841750622,-0.004526946693658829,-0.0043224161490798,0.0014641005545854568,0.007770465686917305,0.011503152549266815,0.010565720498561859,0.01050606556236744,0.010531630367040634,0.010676506906747818,0.00696086511015892,0.007122784852981567,0.00629613921046257,0.0021970029920339584,0.00389290414750576,0.005145654082298279,0.004821814596652985,0.004898512735962868,0.004395708441734314,0.006884165108203888,0.00755741260945797,0.007685244083404541,0.0076170675456523895,0.0075318459421396255,0.007489236071705818,0.007395492866635323,0.007190961390733719,0.007156873121857643,0.0068159885704517365,0.004830336198210716,0.003901425749063492,-0.006146148778498173,-0.0030014878138899803,-0.0062228478491306305,-0.005745609290897846,-0.006188759580254555,-0.006836440414190292,-0.005950139835476875,-0.005106450989842415,0.008741986006498337,-0.020804187282919884,-0.026641836389899254,-0.031090380623936653,0.02006787806749344,-0.011642913334071636,0.0012254808098077774,-0.004765566438436508,-0.0046036457642912865,-0.0046462565660476685,-0.0046462565660476685,-0.004671822302043438,-0.0046462565660476685,-0.004637734033167362,-0.004637734033167362,-0.004637734033167362,-0.0046462565660476685,-0.005021229386329651,-0.009299331344664097,0.0016004536300897598,-0.0003681546077132225,-0.0002999771386384964,-0.00030849967151880264,-0.0003425879403948784,-0.0003681546077132225,-0.00035963207483291626,-0.0003851987421512604,-0.00035963207483291626,-0.00035111047327518463,-0.00033406633883714676,-0.0003681546077132225,-0.00035963207483291626,-0.00035111047327518463,-0.00035963207483291626,-0.000393720343708992,-0.0003681546077132225,-0.0003851987421512604
left_hip_yaw_q,0.030305860564112663,0.026154372841119766,0.03390828147530556,0.032703008502721786,0.021092236042022705,-0.0007633380591869354,-0.003589028026908636,0.0021962709724903107,0.002236446598544717,0.0021962709724903107,0.0022096626926213503,0.0022096626926213503,0.0021828790195286274,0.0022096626926213503,0.002236446598544717,0.0022096626926213503,0.0021962709724903107,0.0021962709724903107,0.0021962709724903107,0.0021828790195286274,0.0022096626926213503,0.0022096626926213503,0.0021962709724903107,0.014382896013557911,0.014315936714410782,0.014342720620334148,0.014356112107634544,0.014342720620334148,0.014342720620334148,0.014329328201711178,0.014356112107634544,0.014356112107634544,0.014329328201711178,0.014342720620334148,0.014356112107634544,0.014329328201711178,0.014342720620334148,0.014342720620334148,0.014396287500858307,0.014342720620334148,0.014342720620334148,0.014356112107634544,0.014356112107634544,0.014356112107634544,0.01436950359493494,0.014356112107634544,0.0005356758483685553,0.0021025275345891714,0.0045130690559744835,0.00508892023935914,-0.003361365757882595,-0.004821082577109337,-0.004700555466115475,0.0032944062259048223,0.006495069246739149,-0.0030801359098404646,-0.008195839822292328,-0.008865434676408768,-0.00798156950622797,-0.007553029339760542,-0.0074860695749521255,-0.007164664100855589,-0.006521853152662516,-0.005879042204469442,-0.006695947609841824,-0.005986177362501621,-0.006334366742521524,-0.006334366742521524,-0.006441501900553703,-0.006481677293777466,-0.004968393128365278,0.002959609031677246,0.012494638562202454,0.02233768254518509,0.021092236042022705,0.02115919440984726,0.02115919440984726,0.021078843623399734,0.019900357350707054,0.019726261496543884,0.01949859969317913,0.021373465657234192,0.025457993149757385,0.03214054927229881,0.033827926963567734,0.0344841331243515,0.03443056344985962,0.03409576788544655,0.03360026702284813,0.03282353654503822,0.029636265709996223,0.023824183270335197,0.02338225021958351,0.023395642638206482,0.023328682407736778,0.02338225021958351,0.023475993424654007,0.019927140325307846,0.019886964932084084,0.006066528614610434,-0.0007365542696788907,-0.002316797850653529,-0.005035352893173695,-0.005062136333435774,-0.006254015490412712,-0.006106704473495483,-0.005731731187552214,-0.00966894906014204,-0.005637987982481718,-0.012896395288407803,-0.029622873291373253,-0.03726964443922043,-0.0260472372174263,-0.006508461199700832,-0.007807475049048662,-0.007740515749901533,-0.007472677621990442,-0.00743250222876668,-0.007365542463958263,-0.007338759023696184,-0.007311975117772818,-0.00735215051099658,-0.007325367070734501,-0.00739232636988163,-0.007178056053817272,-0.0056112040765583515,-0.0027989062946289778,-0.0012990138493478298,-0.0014597165863960981,-0.0014597165863960981,-0.0014463247498497367,-0.0014463247498497367,-0.0014463247498497367,-0.0014463247498497367,-0.0014329327968880534,-0.0014463247498497367,-0.0014463247498497367,-0.0014329327968880534,-0.0014463247498497367,-0.0014329327968880534,-0.001419540960341692,-0.0014329327968880534,-0.0014463247498497367,-0.001419540960341692
left_knee_q,0.6404369473457336,0.6435134410858154,0.6407778859138489,0.6493766903877258,0.6302785873413086,0.2902291715145111,0.30799776315689087,0.3193918466567993,0.31928104162216187,0.3193577527999878,0.319272518157959,0.31928104162216187,0.3192640244960785,0.31928956508636475,0.3193151354789734,0.31933218240737915,0.3193577527999878,0.319272518157959,0.3192980885505676,0.3192555010318756,0.31932365894317627,0.31924697756767273,0.3193066120147705,0.3080318570137024,0.30773359537124634,0.307759165763855,0.3077506422996521,0.30781880021095276,0.3078358471393585,0.30781880021095276,0.3078443706035614,0.30781880021095276,0.3078443706035614,0.30782732367515564,0.3078102767467499,0.3078358471393585,0.3078443706035614,0.30786141753196716,0.30781880021095276,0.3078102767467499,0.3078102767467499,0.3078358471393585,0.307801753282547,0.30782732367515564,0.30777621269226074,0.30786141753196716,0.3194855749607086,0.3724079132080078,0.29254716634750366,0.2914819121360779,0.3172954022884369,0.30776768922805786,0.307989239692688,0.2931351959705353,0.2961094081401825,0.2663416862487793,0.30392420291900635,0.3072478175163269,0.29319486021995544,0.29071491956710815,0.2895900011062622,0.289044588804245,0.2892235517501831,0.2893173098564148,0.2886184751987457,0.2897774875164032,0.28962409496307373,0.2899479269981384,0.2902291715145111,0.2901865541934967,0.29122623801231384,0.2941408157348633,0.2957940995693207,0.29099616408348083,0.29668039083480835,0.2933993935585022,0.2936380207538605,0.2943538725376129,0.29200175404548645,0.29213812947273254,0.28810715675354004,0.272716224193573,0.27466776967048645,0.27256283164024353,0.2722048759460449,0.27260541915893555,0.2729378044605255,0.3087562322616577,0.3106992840766907,0.3078102767467499,0.3068728446960449,0.30661720037460327,0.30602917075157166,0.3059695065021515,0.305816113948822,0.3056968152523041,0.3056968152523041,0.2932119071483612,0.2895388603210449,0.2918909788131714,0.2859255075454712,0.29130294919013977,0.28988829255104065,0.28976044058799744,0.2890872061252594,0.2945498824119568,0.3247096538543701,0.29328858852386475,0.2824825644493103,0.2476782351732254,0.2587655186653137,0.34482184052467346,0.3121224641799927,0.2991177439689636,0.2934931218624115,0.2927516996860504,0.2927516996860504,0.29274317622184753,0.29277727007865906,0.2928369343280792,0.29277727007865906,0.29274317622184753,0.29278579354286194,0.29277727007865906,0.293714702129364,0.3267890512943268,0.2898115813732147,0.290092796087265,0.290092796087265,0.2901439368724823,0.29011836647987366,0.290092796087265,0.290092796087265,0.29008427262306213,0.2901013195514679,0.29011836647987366,0.290092796087265,0.290092796087265,0.2901013195514679,0.2901354134082794,0.29011836647987366,0.29012688994407654,0.29012688994407654,0.2901524603366852
left_ankle_pitch_q,-0.30350375175476074,-0.3235483765602112,-0.30805113911628723,-0.32026875019073486,-0.3243618905544281,-0.16631107032299042,-0.1903732270002365,-0.17943884432315826,-0.17944306135177612,-0.17943884432315826,-0.17944306135177612,-0.17943884432315826,-0.1794472634792328,-0.17944292724132538,-0.17944739758968353,-0.17944306135177612,-0.17943884432315826,-0.1794516146183014,-0.17944292724132538,-0.17943015694618225,-0.1794387251138687,-0.17943884432315826,-0.17944739758968353,-0.16999053955078125,-0.1698472797870636,-0.169834703207016,-0.16981765627861023,-0.16978003084659576,-0.16976743936538696,-0.16974633932113647,-0.16973794996738434,-0.1697380691766739,-0.1697380691766739,-0.16975077986717224,-0.16973374783992767,-0.16973388195037842,-0.16971684992313385,-0.16973388195037842,-0.16973400115966797,-0.16972117125988007,-0.16973400115966797,-0.16973820328712463,-0.16972967982292175,-0.1697380691766739,-0.1697254776954651,-0.16972117125988007,-0.21025970578193665,-0.21046337485313416,-0.16208092868328094,-0.15934401750564575,-0.19097988307476044,-0.19468195736408234,-0.19467775523662567,-0.19268865883350372,-0.22192424535751343,-0.20662108063697815,-0.22266873717308044,-0.22340990602970123,-0.23654411733150482,-0.24569696187973022,-0.25208380818367004,-0.2558220624923706,-0.26307952404022217,-0.2631252706050873,-0.26679036021232605,-0.2596399486064911,-0.2505464255809784,-0.2460053414106369,-0.2341635525226593,-0.20755627751350403,-0.19343899190425873,-0.18440788984298706,-0.17001785337924957,-0.13714447617530823,-0.13495849072933197,-0.13498394191265106,-0.13496679067611694,-0.1349458396434784,-0.13425585627555847,-0.13424290716648102,-0.1361139565706253,-0.15385258197784424,-0.17381778359413147,-0.19943135976791382,-0.20526708662509918,-0.20506326854228973,-0.20550163090229034,-0.2031676173210144,-0.1865517497062683,-0.17190143465995789,-0.15721534192562103,-0.14926117658615112,-0.1460496336221695,-0.14561812579631805,-0.14542032778263092,-0.14535656571388245,-0.14457623660564423,-0.13194294273853302,-0.131803497672081,-0.1625727266073227,-0.2045346200466156,-0.2442300021648407,-0.25253012776374817,-0.2545253038406372,-0.2556806802749634,-0.2480374574661255,-0.2439558357000351,-0.23158301413059235,-0.1976010948419571,-0.18017618358135223,-0.1768781691789627,-0.2481287568807602,-0.2237485647201538,-0.20577172935009003,-0.1902247965335846,-0.19016601145267487,-0.1901533007621765,-0.1901450902223587,-0.1901450902223587,-0.1901450902223587,-0.19014500081539154,-0.19014088809490204,-0.19012795388698578,-0.1901450902223587,-0.19050507247447968,-0.18383687734603882,-0.16458550095558167,-0.16851511597633362,-0.16846802830696106,-0.16845957934856415,-0.16845957934856415,-0.16846828162670135,-0.16845957934856415,-0.16847263276576996,-0.16846393048763275,-0.1684596985578537,-0.16845957934856415,-0.16846828162670135,-0.16845113039016724,-0.16845957934856415,-0.16845957934856415,-0.16845957934856415,-0.16845524311065674,-0.16845524311065674
left_ankle_roll_q,0.0465858168900013,0.05106324702501297,0.04692821949720383,0.052054621279239655,0.023989161476492882,0.005389751400798559,-3.188288246747106e-05,-0.01565448008477688,-0.015647411346435547,-0.01565448008477688,-0.015647411346435547,-0.01565448008477688,-0.015640350058674812,-0.015633229166269302,-0.015654530376195908,-0.015647411346435547,-0.01565448008477688,-0.015647469088435173,-0.015633229166269302,-0.015640240162611008,-0.015640290454030037,-0.01565448008477688,-0.015654530376195908,-0.015472222119569778,-0.01564101316034794,-0.015662139281630516,-0.01566203124821186,-0.01573956571519375,-0.015760699287056923,-0.01578178070485592,-0.015795873478055,-0.015810010954737663,-0.015810010954737663,-0.015803024172782898,-0.015802916139364243,-0.015817053616046906,-0.015816954895853996,-0.015817053616046906,-0.015831200405955315,-0.015824049711227417,-0.015831200405955315,-0.01582415960729122,-0.015824096277356148,-0.015810010954737663,-0.015831146389245987,-0.015824049711227417,-0.012632203288376331,-0.012561904266476631,-0.011408241465687752,-0.019091464579105377,-0.01936134323477745,-0.018349038437008858,-0.018356135115027428,-0.01351984217762947,-0.010876458138227463,-0.01868683286011219,-0.018931293860077858,-0.018286149948835373,-0.01760154962539673,-0.016974885016679764,-0.01477677933871746,-0.013439174741506577,-0.012765558436512947,-0.012729868292808533,-0.013744167052209377,-0.01346875261515379,-0.015571963042020798,-0.016517668962478638,-0.017304757609963417,-0.018251366913318634,-0.020097050815820694,-0.02343309484422207,-0.028398018330335617,-0.031498391181230545,-0.029669707641005516,-0.02964186854660511,-0.02964172698557377,-0.029690628871321678,-0.02767891250550747,-0.027671797201037407,-0.02484789676964283,-0.0121340686455369,-0.009468631818890572,-0.004003897309303284,-0.0019386392086744308,-0.002137677511200309,-0.002117560710757971,-0.004734308924525976,-0.010941283777356148,-0.013815158046782017,-0.018528729677200317,-0.020619995892047882,-0.021710824221372604,-0.021841730922460556,-0.021784352138638496,-0.021833142265677452,-0.02181444875895977,-0.023219283670186996,-0.02303648367524147,-0.0143887959420681,-0.01716627925634384,-0.013026119209825993,-0.013018091209232807,-0.01291671022772789,-0.01456105150282383,-0.016763174906373024,-0.016622811555862427,-0.015915215015411377,-0.0220470167696476,-0.025198962539434433,-0.025732234120368958,-0.01580747216939926,-0.014530542306602001,-0.014522276818752289,-0.013052836060523987,-0.013166199438273907,-0.013173242099583149,-0.013215819373726845,-0.013215819373726845,-0.013215819373726845,-0.01320160273462534,-0.013222900219261646,-0.013201543129980564,-0.013215819373726845,-0.013529907912015915,-0.0009110582759603858,-0.016647931188344955,-0.013390827924013138,-0.01339759398251772,-0.013411675579845905,-0.013411675579845905,-0.013425879180431366,-0.013411675579845905,-0.01343297678977251,-0.01341877318918705,-0.013425822369754314,-0.013411675579845905,-0.013425879180431366,-0.013425765559077263,-0.013411675579845905,-0.013411675579845905,-0.013411675579845905,-0.01340457797050476,-0.01340457797050476
right_hip_pitch_q,-0.3337141275405884,-0.34593483805656433,-0.33271703124046326,-0.3118208050727844,-0.3392534852027893,-0.11447416990995407,-0.08281450718641281,-0.07971245795488358,-0.07971245795488358,-0.07972950488328934,-0.0797039344906807,-0.0797039344906807,-0.0797039344906807,-0.0797039344906807,-0.07969541847705841,-0.07969541847705841,-0.0797039344906807,-0.0797039344906807,-0.07972098141908646,-0.0797039344906807,-0.0797039344906807,-0.0797039344906807,-0.0797039344906807,-0.09304957091808319,-0.09304104745388031,-0.09302400052547455,-0.09298139065504074,-0.09302400052547455,-0.09297287464141846,-0.0929984375834465,-0.09294730424880981,-0.09294730424880981,-0.09298139065504074,-0.09300696104764938,-0.09298139065504074,-0.09298991411924362,-0.09297287464141846,-0.09298139065504074,-0.09301548451185226,-0.09303252398967743,-0.09303252398967743,-0.09301548451185226,-0.09301548451185226,-0.09300696104764938,-0.0929984375834465,-0.09304104745388031,-0.0756218433380127,-0.11185787618160248,-0.12430869042873383,-0.12052486836910248,-0.08548193424940109,-0.09154967963695526,-0.09149854630231857,-0.09202691912651062,-0.07179541140794754,-0.1108863577246666,-0.11761030554771423,-0.10732411593198776,-0.09450685232877731,-0.09599822014570236,-0.09394439309835434,-0.08447632193565369,-0.07698538154363632,-0.07664449512958527,-0.08186855167150497,-0.08530296385288239,-0.0877232477068901,-0.08636823296546936,-0.0877232477068901,-0.09195873886346817,-0.09414892643690109,-0.09875939041376114,-0.11512184888124466,-0.13799519836902618,-0.13481645286083221,-0.13479088246822357,-0.13479088246822357,-0.13479088246822357,-0.13173145055770874,-0.13173997402191162,-0.1283992975950241,-0.10155463963747025,-0.09168603271245956,-0.08310426026582718,-0.08302756398916245,-0.08189412206411362,-0.07686607539653778,-0.08590804040431976,-0.10083026438951492,-0.11438042670488358,-0.12466661632061005,-0.12852713465690613,-0.12862087786197662,-0.12856973707675934,-0.12856122851371765,-0.12861235439777374,-0.12857826054096222,-0.12974579632282257,-0.13012076914310455,-0.11493436247110367,-0.08812379091978073,-0.07999368757009506,-0.07667858898639679,-0.07655075192451477,-0.08302756398916245,-0.08723748475313187,-0.09687600284814835,-0.09137923270463943,-0.08106747269630432,-0.10286704450845718,-0.10988074541091919,-0.0513593815267086,-0.07753080129623413,-0.09425118565559387,-0.10971882939338684,-0.10926715284585953,-0.10926715284585953,-0.10881548374891281,-0.10838937759399414,-0.10750307887792587,-0.10750307887792587,-0.10766499489545822,-0.10747750848531723,-0.10839790105819702,-0.10719627887010574,-0.12969465553760529,-0.12136855721473694,-0.11731203645467758,-0.11725237965583801,-0.11725237965583801,-0.11728646606206894,-0.11731203645467758,-0.1172609031200409,-0.11728646606206894,-0.1172609031200409,-0.11725237965583801,-0.11725237965583801,-0.11726941913366318,-0.11726941913366318,-0.1172609031200409,-0.1172097697854042,-0.1172609031200409,-0.11715863645076752,-0.11719272285699844
right_hip_roll_q,0.04523538798093796,0.0350344181060791,0.03771888464689255,0.03843474015593529,0.03316807374358177,0.014104100875556469,0.01660108007490635,-0.0018492990639060736,-0.0018748653819784522,-0.0018492990639060736,-0.0018578211311250925,-0.0018578211311250925,-0.0018663433147594333,-0.0018663433147594333,-0.0018492990639060736,-0.0018492990639060736,-0.0018578211311250925,-0.0018663433147594333,-0.0018748653819784522,-0.0018663433147594333,-0.0018407768802717328,-0.0018663433147594333,-0.0018492990639060736,-0.010209494270384312,-0.010200971737504005,-0.010200971737504005,-0.01022653840482235,-0.010209494270384312,-0.01022653840482235,-0.010218016803264618,-0.01022653840482235,-0.01022653840482235,-0.01022653840482235,-0.010235060937702656,-0.010235060937702656,-0.010235060937702656,-0.010235060937702656,-0.010243582539260387,-0.010243582539260387,-0.010243582539260387,-0.010252105072140694,-0.010260626673698425,-0.010277670808136463,-0.01028619334101677,-0.010269149206578732,-0.010277670808136463,-0.00589730404317379,-0.00024714134633541107,-0.008956743404269218,-0.005360410548746586,-0.004005394410341978,-0.0020623519085347652,-0.0017725999932736158,-0.007380152121186256,-0.020367855206131935,-0.0041587925516068935,0.004704207647591829,0.004610464442521334,0.002880475018173456,0.002752643311396241,0.002028263406828046,0.001252750982530415,0.00010226538870483637,-8.52211542223813e-06,0.000630636524874717,-1.704423084447626e-05,-0.00011930961773032323,-6.817692337790504e-05,-0.0004601942200679332,-0.0008862999966368079,-0.0024458470288664103,-0.0014658038271591067,0.003954261541366577,0.0112236263230443,0.01124919205904007,0.011351457796990871,0.011334413662552834,0.011854262091219425,0.011982094496488571,0.01206731516867876,0.01245081052184105,0.007729558739811182,0.009212406352162361,0.009612945839762688,0.008931176736950874,0.008922655135393143,0.008863000199198723,0.011632687412202358,0.012050271034240723,0.01182017382234335,0.011538944207131863,0.01124919205904007,0.011078749783337116,0.010891263373196125,0.010448113083839417,0.010328804142773151,0.00965555664151907,0.0005539375124499202,0.00023861923546064645,-0.005675728898495436,-0.0037497307639569044,-0.004218447022140026,-0.0026844663079828024,-0.002710032742470503,-0.002582201035693288,-0.0007840346079319715,0.0019856528379023075,-0.0016192019684240222,-0.025600435212254524,-0.02364887110888958,-0.028549086302518845,0.01872308738529682,0.001764077926054597,0.008070443756878376,-0.0001960086519829929,-8.52211524033919e-05,-0.00012783173588104546,-0.00011930961773032323,-0.00012783173588104546,-0.00011078749957960099,-0.00012783173588104546,-0.00012783173588104546,-0.00012783173588104546,-0.00011930961773032323,-0.0014828480780124664,-0.010780476033687592,0.0007925567333586514,-0.0019089538836851716,-0.0018407768802717328,-0.0018407768802717328,-0.0018578211311250925,-0.0018663433147594333,-0.0018748653819784522,-0.001891909632831812,-0.0018748653819784522,-0.0018578211311250925,-0.0018578211311250925,-0.0018748653819784522,-0.0018578211311250925,-0.0018748653819784522,-0.001883387565612793,-0.001891909632831812,-0.0018748653819784522,-0.0019004317000508308
right_hip_yaw_q,-0.028337251394987106,-0.022431425750255585,-0.029140764847397804,-0.028471169993281364,-0.02304745279252529,0.010017137974500656,0.0007633380591869354,0.009856435470283031,0.009856435470283031,0.009869826957583427,0.009856435470283031,0.009869826957583427,0.009856435470283031,0.009856435470283031,0.009856435470283031,0.009883219376206398,0.009883219376206398,0.009856435470283031,0.009856435470283031,0.009869826957583427,0.009869826957583427,0.009843043051660061,0.009883219376206398,0.004539852496236563,0.004151487722992897,0.004138095770031214,0.004097919911146164,0.004084527958184481,0.004097919911146164,0.004057744517922401,0.004057744517922401,0.004044352564960718,0.004057744517922401,0.004071136470884085,0.004044352564960718,0.004057744517922401,0.004030960611999035,0.004017568659037352,0.004057744517922401,0.004044352564960718,0.004071136470884085,0.004057744517922401,0.004084527958184481,0.004044352564960718,0.004030960611999035,0.004044352564960718,0.010860827751457691,-0.015588166192173958,0.0105929896235466,0.008088705129921436,0.004111311864107847,0.004700555466115475,0.004713947419077158,0.01949859969317913,0.017409464344382286,0.03440377861261368,0.013927571475505829,0.01327136904001236,0.012467854656279087,0.011356327682733536,0.009548421949148178,0.009816259145736694,0.00966894906014204,0.010552814230322838,0.009802867658436298,0.008905611000955105,0.0045800283551216125,0.004057744517922401,0.0029730007518082857,0.00287925754673779,0.00416487967595458,0.012508030980825424,0.01948520727455616,0.032381605356931686,0.03256909176707268,0.03262265771627426,0.03262265771627426,0.033051200211048126,0.029274683445692062,0.029167549684643745,0.028538130223751068,0.029328251257538795,0.03287710249423981,0.03551530838012695,0.03531442955136299,0.03527425229549408,0.03626525402069092,0.033854711800813675,0.03172539919614792,0.030881712213158607,0.029823752120137215,0.028015846386551857,0.0260472372174263,0.02553834579885006,0.0251767635345459,0.025002669543027878,0.024426817893981934,0.014222193509340286,0.013820436783134937,-0.00042854066123254597,-0.012789260596036911,-0.012320543639361858,-0.012119665741920471,-0.011637557297945023,-0.011691125109791756,-0.009106488898396492,0.005986177362501621,0.014610557816922665,0.014610557816922665,0.02539103478193283,0.013338328339159489,-0.04060422629117966,0.007593204732984304,0.012534813955426216,0.009240408428013325,0.009106488898396492,0.009160056710243225,0.009173448197543621,0.009119881317019463,0.009133272804319859,0.009146664291620255,0.009146664291620255,0.009106488898396492,0.009133272804319859,0.010378719307482243,0.006535245105624199,0.010043921880424023,0.009441286325454712,0.00940111093223095,0.009427894838154316,0.00940111093223095,0.00940111093223095,0.009427894838154316,0.00940111093223095,0.00940111093223095,0.009387718513607979,0.009387718513607979,0.009414502419531345,0.009387718513607979,0.009374327026307583,0.009360934607684612,0.00940111093223095,0.009360934607684612,0.009387718513607979
right_knee_q,0.6091437935829163,0.6048656702041626,0.6106351613998413,0.6056838035583496,0.6090415120124817,0.29080015420913696,0.2991177439689636,0.3041628301143646,0.30406054854393005,0.30397534370422363,0.30402645468711853,0.3040009140968323,0.30395829677581787,0.3040520250797272,0.3040861189365387,0.3040946424007416,0.3041202127933502,0.30401793122291565,0.30400943756103516,0.3040775954723358,0.3040946424007416,0.3040009140968323,0.3040861189365387,0.3139973282814026,0.31405699253082275,0.3141166567802429,0.31437230110168457,0.31438934803009033,0.3143211901187897,0.31438934803009033,0.314414918422699,0.3144490122795105,0.3143552839756012,0.31432971358299255,0.314414918422699,0.31428709626197815,0.3145001530647278,0.314483106136322,0.314483106136322,0.31443196535110474,0.3143467605113983,0.3143552839756012,0.3144063949584961,0.3144063949584961,0.31443196535110474,0.31455129384994507,0.30681321024894714,0.33547306060791016,0.3052195608615875,0.3044099509716034,0.30776768922805786,0.30576497316360474,0.30603769421577454,0.3101794421672821,0.26357197761535645,0.31979238986968994,0.3086625039577484,0.30791255831718445,0.30263736844062805,0.2991432845592499,0.2923085689544678,0.287663996219635,0.2874850332736969,0.2884565591812134,0.28567835688591003,0.2860618531703949,0.2909194529056549,0.2913711369037628,0.3045974373817444,0.31029874086380005,0.3227836489677429,0.32500791549682617,0.3438844084739685,0.3570595979690552,0.3549802005290985,0.3545626103878021,0.35451146960258484,0.35450294613838196,0.34643250703811646,0.3458530008792877,0.3310586214065552,0.2795424163341522,0.258373498916626,0.24120143055915833,0.23972710967063904,0.23884080350399017,0.24018730223178864,0.2565838396549225,0.27681535482406616,0.2938680946826935,0.3139462172985077,0.3238062858581543,0.32534879446029663,0.3256811499595642,0.32574933767318726,0.3257408142089844,0.32644814252853394,0.3268316388130188,0.3226046860218048,0.30686432123184204,0.29897284507751465,0.287476509809494,0.2888911962509155,0.28740835189819336,0.2883202135562897,0.2894536554813385,0.2928965985774994,0.285422682762146,0.2969786822795868,0.3454524576663971,0.3369218409061432,0.26049551367759705,0.26811426877975464,0.3010181486606598,0.30777621269226074,0.30773359537124634,0.3078443706035614,0.30777621269226074,0.30786994099617004,0.3078443706035614,0.3078869879245758,0.30778470635414124,0.3078955113887787,0.30781880021095276,0.30769097805023193,0.3192640244960785,0.30658310651779175,0.3047338128089905,0.3046400547027588,0.3047167658805847,0.3046400547027588,0.30455484986305237,0.30466562509536743,0.3045889139175415,0.3046315312385559,0.30466562509536743,0.30466562509536743,0.30464857816696167,0.3046826720237732,0.30465710163116455,0.3046911954879761,0.3046826720237732,0.3047593832015991,0.30475085973739624
right_ankle_pitch_q,-0.33862143754959106,-0.3191834092140198,-0.3415607810020447,-0.34523966908454895,-0.32463788986206055,-0.20085299015045166,-0.2390829473733902,-0.24538534879684448,-0.24540217220783234,-0.24541062116622925,-0.24541062116622925,-0.24541062116622925,-0.2454274445772171,-0.24541062116622925,-0.24540217220783234,-0.24539382755756378,-0.2453811764717102,-0.2454148381948471,-0.24541905522346497,-0.245418980717659,-0.24540217220783234,-0.24541905522346497,-0.24540217220783234,-0.2409147322177887,-0.24081802368164062,-0.24081383645534515,-0.24081385135650635,-0.24080543220043182,-0.24080123007297516,-0.24080543220043182,-0.24080543220043182,-0.24080543220043182,-0.2407970279455185,-0.2407970279455185,-0.24080125987529755,-0.2408054769039154,-0.24080125987529755,-0.2407970279455185,-0.2407970279455185,-0.24080125987529755,-0.2407970279455185,-0.2407970279455185,-0.24078862369060516,-0.24079705774784088,-0.24080127477645874,-0.24079282581806183,-0.2685983180999756,-0.2331445962190628,-0.19826604425907135,-0.19584128260612488,-0.23889033496379852,-0.23374564945697784,-0.23583872616291046,-0.24588680267333984,-0.2478046864271164,-0.27192458510398865,-0.26650524139404297,-0.2618720233440399,-0.26916950941085815,-0.27072399854660034,-0.2703639566898346,-0.27051910758018494,-0.27132469415664673,-0.2712869942188263,-0.2728830873966217,-0.27263596653938293,-0.2697650194168091,-0.26638755202293396,-0.2600250840187073,-0.2365519404411316,-0.23192113637924194,-0.22315120697021484,-0.21212778985500336,-0.18356607854366302,-0.17671188712120056,-0.17663967609405518,-0.17663967609405518,-0.17660151422023773,-0.17603519558906555,-0.17603519558906555,-0.17284071445465088,-0.16043458878993988,-0.16097323596477509,-0.1631748229265213,-0.16319191455841064,-0.16318337619304657,-0.1631278097629547,-0.16317054629325867,-0.16318762302398682,-0.1632431447505951,-0.16324301064014435,-0.16340100765228271,-0.1631530523300171,-0.16313594579696655,-0.1631402224302292,-0.16313594579696655,-0.16313594579696655,-0.16203300654888153,-0.16201162338256836,-0.1892721801996231,-0.22949177026748657,-0.2527119219303131,-0.2566646635532379,-0.2578955590724945,-0.26547756791114807,-0.2646733522415161,-0.26086413860321045,-0.23864509165287018,-0.24801349639892578,-0.259978324174881,-0.25913339853286743,-0.1885031908750534,-0.21940448880195618,-0.22914698719978333,-0.21579711139202118,-0.21573372185230255,-0.21571679413318634,-0.21569569408893585,-0.2156999707221985,-0.21569153666496277,-0.21569575369358063,-0.215691477060318,-0.21568726003170013,-0.21568726003170013,-0.2154914289712906,-0.20608638226985931,-0.2000565081834793,-0.20114658772945404,-0.20138835906982422,-0.20139260590076447,-0.20139683783054352,-0.20140959322452545,-0.20141807198524475,-0.2014223337173462,-0.2014223337173462,-0.20141807198524475,-0.20141810178756714,-0.2014138251543045,-0.2014392912387848,-0.20143502950668335,-0.20143502950668335,-0.20141807198524475,-0.2014223337173462,-0.20141807198524475
right_ankle_roll_q,-0.030174339190125465,-0.024019289761781693,-0.027107764035463333,-0.021286258473992348,-0.029963843524456024,-0.03185335919260979,-0.017525872215628624,-0.007130322977900505,-0.007115887477993965,-0.007101472467184067,-0.007101472467184067,-0.007101472467184067,-0.007087036967277527,-0.007101472467184067,-0.007115887477993965,-0.0071015674620866776,-0.007123162969946861,-0.007094273809343576,-0.007087075151503086,-0.007115810178220272,-0.007115887477993965,-0.007087075151503086,-0.007115887477993965,-0.012062839232385159,-0.01218502689152956,-0.012192207388579845,-0.01220654882490635,-0.01220656931400299,-0.012213749811053276,-0.01220656931400299,-0.01220656931400299,-0.01220656931400299,-0.012220931239426136,-0.012220931239426136,-0.01222809124737978,-0.012235252186655998,-0.01222809124737978,-0.012220931239426136,-0.012220931239426136,-0.01222809124737978,-0.012220931239426136,-0.012220931239426136,-0.012235310859978199,-0.01223527267575264,-0.012242433615028858,-0.012228111736476421,-0.006922004744410515,-0.015443519689142704,-0.009321006014943123,-0.014481854625046253,-0.0003951429098378867,-0.009519273415207863,-0.010253043845295906,0.0018271744484081864,-0.002199951559305191,-0.009106392040848732,-0.0051674917340278625,-0.01311110146343708,-0.012084288522601128,-0.01165167335420847,-0.011451227590441704,-0.011284573934972286,-0.009982163086533546,-0.009960688650608063,-0.009816525503993034,-0.009795975871384144,-0.011403359472751617,-0.012488936074078083,-0.013687117025256157,-0.013837818056344986,-0.015429286286234856,-0.01748507283627987,-0.02108568698167801,-0.023350929841399193,-0.020160559564828873,-0.020252486690878868,-0.020252486690878868,-0.02031615935266018,-0.01928059756755829,-0.01928059756755829,-0.01713142916560173,-0.006897956132888794,-0.006009738426655531,-0.002591004129499197,-0.002548681106418371,-0.002562784356996417,-0.0025979746133089066,-0.0026121593546122313,-0.002668635919690132,-0.002915683900937438,-0.003564861137419939,-0.004291892517358065,-0.004757201764732599,-0.004785398952662945,-0.004764243960380554,-0.0047712912783026695,-0.004785398952662945,-0.006590026896446943,-0.006625271402299404,0.0018566903891041875,-0.008922628127038479,-0.006065439898520708,-0.009334984235465527,-0.009647227823734283,-0.011678449809551239,-0.011825546622276306,-0.010910813696682453,-0.0060003697872161865,0.01556943915784359,0.006172744557261467,0.006872763857245445,-0.0059309788048267365,-0.00563083728775382,-0.0205368772149086,-0.017201680690050125,-0.017280232161283493,-0.01729450561106205,-0.017330227419734,-0.01733737625181675,-0.017351657152175903,-0.017344515770673752,-0.017337366938591003,-0.017344508320093155,-0.017344508320093155,-0.017158519476652145,-0.006080049090087414,-0.021344158798456192,-0.019878560677170753,-0.019914576783776283,-0.01992170885205269,-0.019914589822292328,-0.019935986027121544,-0.01993599906563759,-0.019943131133913994,-0.019943131133913994,-0.01993599906563759,-0.019950250163674355,-0.019928866997361183,-0.019943173974752426,-0.019936025142669678,-0.019936025142669678,-0.01993599906563759,-0.019943131133913994,-0.01993599906563759
waist_yaw_q,-0.001834689755924046,-0.0021025275345891714,-0.0022096626926213503,-0.0019953923765569925,-0.002089135814458132,-0.012467854656279087,-0.011235800571739674,-0.007044136989861727,-0.0070307450369000435,-0.0070307450369000435,-0.0070307450369000435,-0.00705752894282341,-0.0070173535495996475,-0.007044136989861727,-0.0070173535495996475,-0.0070307450369000435,-0.007044136989861727,-0.006990569643676281,-0.0070173535495996475,-0.0070307450369000435,-0.007044136989861727,-0.0070173535495996475,-0.0070173535495996475,-0.012735692784190178,-0.012333936057984829,-0.012213408946990967,-0.012293760664761066,-0.012293760664761066,-0.012226800434291363,-0.0122669767588377,-0.01225358434021473,-0.012226800434291363,-0.01225358434021473,-0.012280368246138096,-0.012240192852914333,-0.012146449647843838,-0.01225358434021473,-0.0122669767588377,-0.012293760664761066,-0.012240192852914333,-0.012240192852914333,-0.012173233553767204,-0.01225358434021473,-0.0122669767588377,-0.012320543639361858,-0.012226800434291363,-0.011075098067522049,0.001794514013454318,-0.01293657161295414,-0.012869611382484436,-0.01159738190472126,-0.011222408153116703,-0.011235800571739674,-0.012360719963908195,-0.007459285669028759,-0.017704086378216743,-0.009976962581276894,-0.010606381110846996,-0.01033854391425848,-0.010030529461801052,-0.009454678744077682,-0.008302975445985794,-0.0031872710678726435,-0.0036292036529630423,-0.005062136333435774,-0.005691555794328451,-0.005557636730372906,-0.005812082905322313,-0.005919218063354492,-0.00546389352530241,-0.0056112040765583515,-0.01615062542259693,-0.024078628048300743,-0.01319101732224226,-0.012360719963908195,-0.012414286844432354,-0.012427679263055325,-0.012092881835997105,-0.003468500915914774,-0.004071136470884085,-0.003361365757882595,-0.0025176764465868473,-0.0021025275345891714,-0.002169487066566944,-0.0021962709724903107,-0.0023301898036152124,-0.002129311440512538,-0.0019953923765569925,-0.001982000656425953,-0.0020355682354420424,-0.00254446011967957,-0.002504284493625164,-0.0024775005877017975,-0.0024105412885546684,-0.002236446598544717,-0.002611419651657343,-0.0029997846577316523,-0.0031872710678726435,-0.0033077981788665056,0.007271799258887768,-0.0020757438614964485,-0.002089135814458132,-0.0022632302716374397,-0.0022498385515064,-0.0026783791836351156,-0.002531068166717887,-0.00258463597856462,-0.0020757438614964485,-0.0005356758483685553,-0.002718554809689522,-0.004740730859339237,-0.0022900141775608063,-0.003964001312851906,-0.010191232897341251,-0.011061705648899078,-0.011557205580174923,-0.011624165810644627,-0.011503638699650764,-0.011463462375104427,-0.011450070887804031,-0.011570597998797894,-0.011503638699650764,-0.011543814092874527,-0.011530422605574131,-0.011075098067522049,0.0003214055032003671,-0.01453020703047514,-0.0137802604585886,-0.013646341860294342,-0.013713301159441471,-0.013646341860294342,-0.013606165535748005,-0.013740085065364838,-0.013646341860294342,-0.013659733347594738,-0.013565990142524242,-0.013592774048447609,-0.013673125766217709,-0.013606165535748005,-0.013632949441671371,-0.01351242233067751,-0.013592774048447609,-0.013592774048447609,-0.013499030843377113
waist_roll_q,-0.001517484080977738,-0.0017363743390887976,-0.001810993766412139,-0.001444444409571588,-0.0013376669958233833,-0.013038327917456627,-0.0017035753699019551,-0.0013426170917227864,-0.0013426170917227864,-0.0013197119114920497,-0.0013349769869819283,-0.0013197119114920497,-0.0013197119114920497,-0.0013197119114920497,-0.0013502115616574883,-0.001312087057158351,-0.001319727161899209,-0.0013197119114920497,-0.0013197119114920497,-0.001319727161899209,-0.0013349922373890877,-0.0013349769869819283,-0.001327367383055389,-0.019078407436609268,-0.019055765122175217,-0.019040627405047417,-0.01907096430659294,-0.019086144864559174,-0.0190785750746727,-0.018995173275470734,-0.01904069073498249,-0.019040711224079132,-0.019033120945096016,-0.0190785750746727,-0.01907859742641449,-0.019033120945096016,-0.019033120945096016,-0.019055848941206932,-0.019070986658334732,-0.01905582658946514,-0.019063396379351616,-0.019040647894144058,-0.01905582658946514,-0.019063396379351616,-0.019033079966902733,-0.019048258662223816,-0.017612040042877197,-0.015477629378437996,-0.019408024847507477,-0.01864662952721119,-0.0040144468657672405,-0.00437344191595912,-0.004205206874758005,-0.012707593850791454,-0.013533836230635643,-0.028850505128502846,-0.006238583009690046,-0.0071895611472427845,-0.008940539322793484,-0.009794014506042004,-0.009574465453624725,-0.009757193736732006,-0.008222030475735664,-0.00877841841429472,-0.010571494698524475,-0.01200951263308525,-0.013507349416613579,-0.0203474760055542,-0.02564680390059948,-0.010736226104199886,-0.011205947026610374,-0.019257619976997375,-0.020756034180521965,-0.0047553288750350475,-0.002607776317745447,-0.0026226427871733904,-0.0026152117643505335,-0.002570625627413392,-0.002570625627413392,-0.0025854906998574734,-0.002511229831725359,-0.00834052637219429,-0.007651078514754772,-0.007276964373886585,-0.008324612863361835,-0.008032804355025291,-0.008085125125944614,-0.00782183837145567,-0.007700988091528416,-0.006926193833351135,-0.006293724291026592,-0.0047699990682303905,-0.004762493539601564,-0.004740032367408276,-0.004754998255521059,-0.0047400170005857944,-0.004747502040117979,-0.004717570263892412,-0.004710135515779257,-0.007944504730403423,-0.005730565171688795,-0.007661039941012859,-0.006846349686384201,-0.007491805590689182,-0.008009044453501701,-0.008176004514098167,-0.008129868656396866,-0.00581014109775424,-0.01718243956565857,-0.011316396296024323,-0.018765846267342567,0.009262101724743843,-0.00533876521512866,-0.002194878878071904,-0.018983233720064163,-0.017990032210946083,-0.018050644546747208,-0.018126288428902626,-0.01807335391640663,-0.018050644546747208,-0.01811872608959675,-0.01814138889312744,-0.018126288428902626,-0.018126264214515686,-0.01723216101527214,-0.023093780502676964,-0.018298745155334473,-0.02072053961455822,-0.020569005981087685,-0.020576680079102516,-0.02058406174182892,-0.020591573789715767,-0.020561428740620613,-0.02060672640800476,-0.02055385150015354,-0.02053128369152546,-0.02056146040558815,-0.02056146040558815,-0.020523706451058388,-0.02054637297987938,-0.020523706451058388,-0.02056146040558815,-0.02057664655148983,-0.02056906931102276
waist_pitch_q,0.04251900687813759,0.03991427272558212,0.04157167673110962,0.03617166727781296,-0.03489948809146881,0.006897645071148872,-0.0061169033870100975,-0.010846373625099659,-0.010846373625099659,-0.010841493494808674,-0.010841503739356995,-0.010841493494808674,-0.010841493494808674,-0.010841493494808674,-0.01082205306738615,-0.010846354067325592,-0.010851223953068256,-0.010841493494808674,-0.010841493494808674,-0.010851223953068256,-0.010851233266294003,-0.010841503739356995,-0.01085609383881092,-0.00953071378171444,-0.009574204683303833,-0.009583767503499985,-0.009593788534402847,-0.009603656828403473,-0.009608438238501549,-0.009593024849891663,-0.00961291417479515,-0.00962262973189354,-0.009617695584893227,-0.009608438238501549,-0.009618153795599937,-0.009617695584893227,-0.009617695584893227,-0.009613066911697388,-0.009603504091501236,-0.009603351354598999,-0.009598569944500923,-0.009593483060598373,-0.009603351354598999,-0.009598569944500923,-0.00959826447069645,-0.009608132764697075,-0.007890436798334122,0.005059458781033754,0.008438189513981342,0.005119261331856251,-0.013180512934923172,-0.011310665868222713,-0.011505045928061008,-0.035760294646024704,-0.05116184428334236,-0.04621647670865059,-0.05165509507060051,-0.05169322341680527,-0.05462110787630081,-0.05796845629811287,-0.06157011538743973,-0.061850305646657944,-0.046650953590869904,-0.04905589669942856,-0.06175956875085831,-0.0608854740858078,-0.05796100199222565,-0.049705423414707184,-0.0068801166489720345,0.03901585564017296,0.055153924971818924,0.07694569230079651,0.09979741275310516,0.09010467678308487,0.08532450348138809,0.08531532436609268,0.08531991392374039,0.08531999588012695,0.08531999588012695,0.08531996607780457,0.08525605499744415,0.07410160452127457,0.0651220828294754,0.05328529328107834,0.05024421960115433,0.049838144332170486,0.04995500668883324,0.05045735836029053,0.050888508558273315,0.05232836306095123,0.0542568638920784,0.05657200515270233,0.056586019694805145,0.05658142641186714,0.05659070611000061,0.05660007894039154,0.056604720652103424,0.05658616125583649,0.056534890085458755,0.040479425340890884,0.017299579456448555,-0.014883657917380333,-0.02081051655113697,-0.021189287304878235,-0.022501319646835327,-0.022423766553401947,-0.021719863638281822,-0.01450674794614315,-0.008967556059360504,-0.008871914818882942,-0.00564888259395957,0.0018048534402623773,-0.00612066313624382,-0.009174665436148643,-0.00476508354768157,-0.004304545000195503,-0.004314863122999668,-0.0042769452556967735,-0.004310262855142355,-0.004314863122999668,-0.004281704779714346,-0.004257746506482363,-0.0042769452556967735,-0.004267266020178795,-0.004083937965333462,0.007128135766834021,0.007811608258634806,0.006937486585229635,0.007035661023110151,0.007001885678619146,0.007054709829390049,0.007069045212119818,0.007040569558739662,0.007059228140860796,0.007045478094369173,0.007012093905359507,0.007030947599560022,0.007030947599560022,0.0070170024409890175,0.0070215207524597645,0.0070170024409890175,0.007030947599560022,0.007011507637798786,0.007016416639089584
left_shoulder_pitch_q,-0.3195713460445404,-0.28957483172416687,-0.2941408157348633,-0.28745362162590027,0.2919117510318756,0.28295955061912537,0.287022203207016,0.2875734567642212,0.28756147623062134,0.2875494956970215,0.28753751516342163,0.2875734567642212,0.2875734567642212,0.28756147623062134,0.2875734567642212,0.2875734567642212,0.28753751516342163,0.2875734567642212,0.2875734567642212,0.2875494956970215,0.2875734567642212,0.28756147623062134,0.2875494956970215,0.2657741606235504,0.26656511425971985,0.2665291726589203,0.26654115319252014,0.26656511425971985,0.26658910512924194,0.26655313372612,0.26666098833084106,0.2666010856628418,0.26661306619644165,0.2666010856628418,0.26658910512924194,0.26658910512924194,0.26661306619644165,0.2665770947933197,0.2666010856628418,0.26658910512924194,0.26655313372612,0.2665291726589203,0.2665770947933197,0.26654115319252014,0.2665770947933197,0.2665770947933197,0.27864521741867065,0.2535023093223572,0.2966814935207367,0.2886999845504761,0.3088934123516083,0.29028189182281494,0.2901380956172943,0.3811343014240265,0.5026783347129822,0.6023151874542236,0.7337222099304199,0.8450077176094055,0.9568684697151184,1.0884912014007568,1.2069313526153564,1.3215484619140625,1.4504987001419067,1.4505466222763062,1.2865185737609863,1.040794014930725,0.8398664593696594,0.7180708050727844,0.5071484446525574,0.3162756860256195,0.14861637353897095,-0.045288387686014175,-0.22791600227355957,-0.442661315202713,-0.4507986307144165,-0.4508225917816162,-0.4508225917816162,-0.45083457231521606,-0.4501754343509674,-0.43017375469207764,-0.2603093683719635,-0.05590641126036644,0.0896420031785965,0.2539936602115631,0.2597940266132355,0.21864020824432373,0.09466339647769928,-0.018491659313440323,-0.12119647115468979,-0.2133551687002182,-0.3293624520301819,-0.41918423771858215,-0.42300719022750854,-0.431000679731369,-0.4326305389404297,-0.43623778223991394,-0.4384668469429016,-0.4385747015476227,-0.3335329592227936,0.16339293122291565,0.6628235578536987,1.190692663192749,1.450462818145752,1.4180933237075806,1.142851710319519,0.9249065518379211,0.6633628010749817,0.40984851121902466,0.2896946668624878,0.28867602348327637,0.2885441780090332,0.2830793857574463,0.2926428020000458,0.28541630506515503,0.27460652589797974,0.27260518074035645,0.27267706394195557,0.27270105481147766,0.2726890742778778,0.2726650834083557,0.27262914180755615,0.27262914180755615,0.27267706394195557,0.27262914180755615,0.2729886770248413,0.28846031427383423,0.28952690958976746,0.28191691637039185,0.283103346824646,0.283103346824646,0.28309136629104614,0.28309136629104614,0.283103346824646,0.28309136629104614,0.2830793857574463,0.28309136629104614,0.28309136629104614,0.2830793857574463,0.28309136629104614,0.2830793857574463,0.28309136629104614,0.283103346824646,0.283103346824646,0.283103346824646
left_shoulder_roll_q,0.1615833044052124,0.16279371082782745,0.16145148873329163,0.1606365591287613,0.2230144441127777,0.24706678092479706,0.24623987078666687,0.24035562574863434,0.24035562574863434,0.24035562574863434,0.24035562574863434,0.24035562574863434,0.24033164978027344,0.24035562574863434,0.24035562574863434,0.24035562574863434,0.24035562574863434,0.24035562574863434,0.24035562574863434,0.24035562574863434,0.24035562574863434,0.24035562574863434,0.24035562574863434,0.2406672090291977,0.24063125252723694,0.24063125252723694,0.24063125252723694,0.24061927199363708,0.24063125252723694,0.24063125252723694,0.24063125252723694,0.24063125252723694,0.24063125252723694,0.24063125252723694,0.24063125252723694,0.24063125252723694,0.24063125252723694,0.24063125252723694,0.24063125252723694,0.24063125252723694,0.24064324796199799,0.24063125252723694,0.24063125252723694,0.24063125252723694,0.24063125252723694,0.24063125252723694,0.2380906045436859,0.23780298233032227,0.2362689971923828,0.23625701665878296,0.2364727258682251,0.23643678426742554,0.23643678426742554,0.16661667823791504,0.16859407722949982,0.15281085669994354,0.14787335693836212,0.14061091840267181,0.1300048828125,0.12172377854585648,0.11754128336906433,0.10668357461690903,0.10598848760128021,0.10584467649459839,0.09601761400699615,0.08732905238866806,0.08258329331874847,0.08221178501844406,0.08118113875389099,0.0758361741900444,0.07400259375572205,0.07316369563341141,0.0734393298625946,0.09670071303844452,0.08519585430622101,0.08481236547231674,0.08385362476110458,0.0610835961997509,0.055822521448135376,0.04574378952383995,0.018455706536769867,-0.028186898678541183,-0.06851381808519363,-0.0728161558508873,-0.07317567616701126,-0.07171360403299332,-0.06996390968561172,-0.047745153307914734,-0.017916416749358177,0.007046724669635296,0.029505163431167603,0.046978164464235306,0.04808071255683899,0.05578656867146492,0.06283329427242279,0.0692208856344223,0.07868842035531998,0.0800785943865776,0.08047407120466232,0.0827510729432106,0.0851479172706604,0.09424394369125366,0.10342386364936829,0.10736667364835739,0.12255068868398666,0.13418737053871155,0.15370967984199524,0.17250093817710876,0.19446802139282227,0.1901896595954895,0.20255737006664276,0.1903933882713318,0.2067158967256546,0.25317874550819397,0.23813854157924652,0.23811456561088562,0.23811456561088562,0.23810258507728577,0.23810258507728577,0.23811456561088562,0.23812656104564667,0.23810258507728577,0.23810258507728577,0.23812656104564667,0.23813854157924652,0.2382463961839676,0.2379947304725647,0.2379947304725647,0.2379707545042038,0.2379467934370041,0.2379707545042038,0.2379707545042038,0.2379707545042038,0.2379707545042038,0.2379707545042038,0.23795877397060394,0.23795877397060394,0.2379707545042038,0.23795877397060394,0.2379707545042038,0.23795877397060394,0.2379707545042038,0.2379707545042038,0.2379707545042038
left_shoulder_yaw_q,0.24783377349376678,0.24777385592460632,0.24692296981811523,0.24017585813999176,-0.03407115116715431,0.0228659026324749,0.022734075784683228,0.012859073467552662,0.012859073467552662,0.012859073467552662,0.012859073467552662,0.012859073467552662,0.012859073467552662,0.012859073467552662,0.012859073467552662,0.012835104949772358,0.01284708920866251,0.012859073467552662,0.012859073467552662,0.012859073467552662,0.012859073467552662,0.012859073467552662,0.012859073467552662,0.013650032691657543,0.013721938244998455,0.01378185860812664,0.01378185860812664,0.01378185860812664,0.01378185860812664,0.013805827125906944,0.013805827125906944,0.013817811384797096,0.013805827125906944,0.013817811384797096,0.013805827125906944,0.013817811384797096,0.013805827125906944,0.013817811384797096,0.013817811384797096,0.013817811384797096,0.013817811384797096,0.013817811384797096,0.013805827125906944,0.013817811384797096,0.013817811384797096,0.013817811384797096,0.0276835598051548,0.02858237735927105,0.032477252185344696,0.03244129940867424,0.03256113827228546,0.032513201236724854,0.032501220703125,0.03447861596941948,0.047924917191267014,0.07095859944820404,0.08108526468276978,0.0875447690486908,0.11485681682825089,0.1227903738617897,0.15327824652194977,0.16179902851581573,0.2054455727338791,0.20991568267345428,0.198650524020195,0.19722439348697662,0.19537882506847382,0.19427627325057983,0.19294603168964386,0.19232285022735596,0.19038140773773193,0.18909908831119537,0.19144800305366516,0.1913641095161438,0.1846769154071808,0.18208831548690796,0.18066219985485077,0.15887486934661865,0.15956996381282806,0.15693342685699463,0.13949638605117798,0.10916430503129959,0.07633951306343079,0.027827370911836624,0.02460361458361149,0.03486211225390434,0.07389473170042038,0.1019737720489502,0.12144813686609268,0.13165870308876038,0.1467588245868683,0.157616525888443,0.15772439539432526,0.1597856730222702,0.16167917847633362,0.1664489060640335,0.17621605098247528,0.17867282032966614,0.17892448604106903,0.19087275862693787,0.1955585926771164,0.20115521550178528,0.21013140678405762,0.20928052067756653,0.16565795242786407,0.12217917293310165,0.07539276033639908,0.027168238535523415,-0.0009946906939148903,-0.005392901133745909,-0.002133192028850317,-0.005596633069217205,0.0018335864879190922,0.0057404437102377415,0.01396162249147892,0.013925669714808464,0.013913685455918312,0.013913685455918312,0.013925669714808464,0.013937653973698616,0.013913685455918312,0.013913685455918312,0.013913685455918312,0.013937653973698616,0.014057496562600136,0.03266899660229683,0.032704949378967285,0.032704949378967285,0.03269296512007713,0.03269296512007713,0.03268098086118698,0.032704949378967285,0.03269296512007713,0.03268098086118698,0.03269296512007713,0.03268098086118698,0.03269296512007713,0.032704949378967285,0.03268098086118698,0.032704949378967285,0.03268098086118698,0.03269296512007713,0.03268098086118698,0.03269296512007713
left_elbow_q,0.14065885543823242,0.09324925392866135,0.10060757398605347,0.07614776492118835,0.9815919399261475,0.983425498008728,0.9837251305580139,0.9958412051200867,0.9958412051200867,0.9958412051200867,0.9958412051200867,0.9958531856536865,0.9958412051200867,0.9958292245864868,0.9958292245864868,0.9958171844482422,0.9958412051200867,0.9958292245864868,0.9958412051200867,0.9958412051200867,0.9958412051200867,0.9958292245864868,0.9958412051200867,0.9958531856536865,0.9958531856536865,0.9958771467208862,0.9958531856536865,0.9958412051200867,0.9958531856536865,0.9958531856536865,0.9958771467208862,0.9958531856536865,0.9958651661872864,0.9958531856536865,0.9958531856536865,0.9958531856536865,0.9958651661872864,0.9958531856536865,0.9958531856536865,0.9958531856536865,0.9958651661872864,0.9958531856536865,0.9958651661872864,0.9958531856536865,0.9958412051200867,0.9958531856536865,0.9946547150611877,0.9915748238563538,0.9980103373527527,0.9936959743499756,0.9960569143295288,0.9959729909896851,0.9959729909896851,0.8875038027763367,0.7136006951332092,0.5222365856170654,0.3628343939781189,0.18945862352848053,0.024819331243634224,-0.16516658663749695,-0.3425810635089874,-0.5118702054023743,-0.6982728838920593,-0.6993035078048706,-0.587874174118042,-0.4321751296520233,-0.30125945806503296,-0.22103704512119293,-0.08596284687519073,0.03858920559287071,0.15048591792583466,0.2821805775165558,0.41019606590270996,0.4802079200744629,0.4760373830795288,0.47602540254592896,0.4760134220123291,0.4705486297607422,0.45882806181907654,0.42981424927711487,0.204966202378273,-0.08486030250787735,-0.29287049174308777,-0.5330104231834412,-0.5443714261054993,-0.4788297116756439,-0.3051183819770813,-0.14384666085243225,0.005368933081626892,0.13645239174365997,0.30427947640419006,0.42552387714385986,0.43453601002693176,0.4434882402420044,0.4504271149635315,0.4585164487361908,0.4619079828262329,0.4623633921146393,0.40161535143852234,0.11212441325187683,-0.20343221724033356,-0.5269343852996826,-0.6992316246032715,-0.6564838886260986,-0.2637608051300049,0.050645336508750916,0.4311324954032898,0.7964476346969604,0.9852231740951538,0.9897412061691284,0.9903284311294556,0.985582709312439,0.991263210773468,0.9958891272544861,0.9962846040725708,0.9962846040725708,0.9962606430053711,0.996272623538971,0.9962846040725708,0.9962846040725708,0.9962846040725708,0.9962846040725708,0.996272623538971,0.9962846040725708,0.9963924288749695,0.9890101552009583,0.9924376606941223,0.9922938346862793,0.992317795753479,0.9922698736190796,0.9922938346862793,0.9922938346862793,0.9923058152198792,0.9923058152198792,0.9922818541526794,0.9922938346862793,0.992317795753479,0.9923058152198792,0.9923058152198792,0.9923058152198792,0.9923058152198792,0.9923058152198792,0.9922938346862793,0.9923058152198792
left_wrist_roll_q,-0.0049734534695744514,-0.004997421987354755,-0.004865595605224371,-0.004685832187533379,0.09043296426534653,0.19934560358524323,0.19934560358524323,0.18062624335289001,0.18063822388648987,0.18061426281929016,0.18056632578372955,0.18059028685092926,0.1806022673845291,0.18062624335289001,0.18061426281929016,0.18061426281929016,0.18062624335289001,0.18063822388648987,0.18062624335289001,0.1806022673845291,0.18062624335289001,0.18063822388648987,0.18061426281929016,0.18374213576316833,0.18406571447849274,0.18411365151405334,0.18416158854961395,0.1841496080160141,0.18420952558517456,0.18420952558517456,0.18423350155353546,0.18422150611877441,0.1841975450515747,0.18423350155353546,0.18425746262073517,0.1841975450515747,0.18423350155353546,0.18424548208713531,0.18423350155353546,0.18425746262073517,0.18423350155353546,0.18422150611877441,0.18423350155353546,0.18423350155353546,0.18424548208713531,0.18422150611877441,0.18190854787826538,0.20591296255588531,0.20774655044078827,0.20781844854354858,0.20773455500602722,0.20774655044078827,0.20773455500602722,0.1976797878742218,0.17284847795963287,0.1508214771747589,0.1303524225950241,0.11038669943809509,0.09100820869207382,0.06912501156330109,0.05217931792140007,0.03555719554424286,0.012751216068863869,0.012295815162360668,0.012823120690882206,0.01245160959661007,0.011960256844758987,0.010809770785272121,0.009946906939148903,0.006974819116294384,0.0019773971289396286,0.0013662016717717052,0.0006351639167405665,0.00044341632747091353,-0.0015699334908276796,-0.001761681167408824,-0.0020133499056100845,-0.005344964563846588,-0.008101336658000946,-0.009167931973934174,-0.0035353463608771563,0.007286408916115761,0.01390170119702816,0.018395785242319107,0.01967809721827507,0.019773971289396286,0.019330555573105812,0.01752093806862831,0.013290505856275558,0.009839048609137535,0.002217081608250737,-0.0023968450259417295,-0.005860286299139261,-0.006675213575363159,-0.006615292280912399,-0.006207828875631094,-0.005680522881448269,-0.0055247279815375805,-0.005560680292546749,-0.005177185405045748,-0.00339153571985662,0.0012104067718610168,0.0034274884965270758,0.00806538388133049,0.04945889860391617,0.08474045991897583,0.1257145255804062,0.17143434286117554,0.19681693613529205,0.1991298794746399,0.19941750168800354,0.19944147765636444,0.19901004433631897,0.19867448508739471,0.19951337575912476,0.1994534581899643,0.19951337575912476,0.19951337575912476,0.19951337575912476,0.19951337575912476,0.1995493322610855,0.1995493322610855,0.19956131279468536,0.19951337575912476,0.19962124526500702,0.1994534581899643,0.19963322579860687,0.1998729109764099,0.1998729109764099,0.1998729109764099,0.1998729109764099,0.1998729109764099,0.19988489151000977,0.1998729109764099,0.1998729109764099,0.1998729109764099,0.1998729109764099,0.19986093044281006,0.1998729109764099,0.1998729109764099,0.1998729109764099,0.1998729109764099,0.1998729109764099,0.199848935008049
left_wrist_pitch_q,0.08403338491916656,0.055762600153684616,0.059729378670454025,0.0538451224565506,0.01209208369255066,0.04159724712371826,0.04164518415927887,0.05342567712068558,0.05342567712068558,0.05342567712068558,0.05342567712068558,0.05342567712068558,0.05342567712068558,0.053413692861795425,0.053413692861795425,0.053413692861795425,0.053413692861795425,0.05342567712068558,0.05342567712068558,0.05342567712068558,0.053413692861795425,0.053413692861795425,0.05342567712068558,0.05162804201245308,0.051663994789123535,0.05167597904801369,0.05167597904801369,0.05167597904801369,0.051663994789123535,0.05167597904801369,0.051663994789123535,0.051663994789123535,0.051663994789123535,0.05168796330690384,0.051663994789123535,0.05167597904801369,0.05167597904801369,0.05167597904801369,0.051663994789123535,0.05168796330690384,0.051663994789123535,0.05167597904801369,0.05165201053023338,0.051663994789123535,0.051663994789123535,0.051663994789123535,0.0514482781291008,0.053761232644319534,0.05505553260445595,0.05319797620177269,0.053473614156246185,0.05307813361287117,0.05309011787176132,0.009347695857286453,-0.06204233318567276,-0.13796240091323853,-0.20073577761650085,-0.27389946579933167,-0.3403639793395996,-0.4199512302875519,-0.49349841475486755,-0.5625634789466858,-0.6463571786880493,-0.6485024094581604,-0.5737687349319458,-0.4510023593902588,-0.35210850834846497,-0.29113277792930603,-0.18335863947868347,-0.08880311250686646,0.0021092237439006567,0.10091915726661682,0.1995733082294464,0.2688780725002289,0.2683028280735016,0.2683028280735016,0.26829084753990173,0.2681949734687805,0.26608574390411377,0.26112428307533264,0.21174927055835724,0.14093448221683502,0.09012137353420258,0.029744846746325493,0.02220677025616169,0.03085937909781933,0.07025153189897537,0.10781008750200272,0.14504507184028625,0.17705494165420532,0.21793313324451447,0.24873259663581848,0.25109347701072693,0.25335851311683655,0.25552764534950256,0.25867950916290283,0.26041722297668457,0.2608846127986908,0.22158832848072052,0.0028282771818339825,-0.24280039966106415,-0.49534398317337036,-0.6466208696365356,-0.6384116411209106,-0.4863198697566986,-0.3571418821811676,-0.20261730253696442,-0.05424060299992561,0.03189002349972725,0.03381948545575142,0.034754253923892975,0.032105740159749985,0.03518568351864815,0.05275455862283707,0.04869190603494644,0.048655953258275986,0.04866793751716614,0.04866793751716614,0.048655953258275986,0.04866793751716614,0.048655953258275986,0.048655953258275986,0.048655953258275986,0.048655953258275986,0.048655953258275986,0.05420465022325516,0.05541505664587021,0.054372429847717285,0.05438441410660744,0.05438441410660744,0.05438441410660744,0.05439639836549759,0.054372429847717285,0.05439639836549759,0.05438441410660744,0.05438441410660744,0.05438441410660744,0.05439639836549759,0.05438441410660744,0.054372429847717285,0.05440838262438774,0.054372429847717285,0.05438441410660744,0.054372429847717285
left_wrist_yaw_q,0.09201487898826599,0.09230250120162964,0.09123590588569641,0.08893493562936783,-0.011169297620654106,0.00014381069922819734,0.00015579492901451886,-0.0012463594321161509,-0.0012343751732259989,-0.0012343751732259989,-0.0012463594321161509,-0.0012343751732259989,-0.0012463594321161509,-0.0012343751732259989,-0.0012343751732259989,-0.0012343751732259989,-0.0012343751732259989,-0.0012463594321161509,-0.0012343751732259989,-0.0012343751732259989,-0.0012343751732259989,-0.0012343751732259989,-0.0012463594321161509,-0.007909588515758514,-0.007897604256868362,-0.00788561999797821,-0.00788561999797821,-0.00788561999797821,-0.00788561999797821,-0.007897604256868362,-0.007897604256868362,-0.007897604256868362,-0.007897604256868362,-0.00788561999797821,-0.007897604256868362,-0.00788561999797821,-0.007897604256868362,-0.007897604256868362,-0.00788561999797821,-0.00788561999797821,-0.00788561999797821,-0.00788561999797821,-0.00788561999797821,-0.00788561999797821,-0.007897604256868362,-0.00788561999797821,-0.008748484775424004,-0.02937333658337593,-0.0027923244051635265,-0.002672482281923294,-0.002217081608250737,-0.002229065867140889,-0.002205097349360585,-0.0008868326549418271,0.015303855761885643,0.02383662387728691,0.03804991394281387,0.052395034581422806,0.06367219239473343,0.07967112958431244,0.09154749661684036,0.1035197377204895,0.12328172475099564,0.12331768125295639,0.1197463795542717,0.1173255667090416,0.10641992092132568,0.10036788880825043,0.09757556021213531,0.09398029744625092,0.08010256290435791,0.07656721770763397,0.07544069737195969,0.07058708369731903,0.06307297945022583,0.06282130628824234,0.06246178224682808,0.05530719831585884,0.056301891803741455,0.05595434829592705,0.05306614935398102,0.042148519307374954,0.03317233547568321,0.01571131870150566,0.014788533560931683,0.01643037237226963,0.026257436722517014,0.03664775937795639,0.04169312119483948,0.046067360788583755,0.0535455197095871,0.05715277045965195,0.05739245563745499,0.05787182226777077,0.05837516114115715,0.0595855675637722,0.062305986881256104,0.06248575076460838,0.06428338587284088,0.08173241466283798,0.09886986017227173,0.11618706583976746,0.12371315807104111,0.12171179056167603,0.09027716517448425,0.05963350459933281,0.02407630905508995,-0.011157313361763954,-0.030583743005990982,-0.033735595643520355,-0.03205780312418938,-0.03377154842019081,-0.02431599237024784,-0.010641992092132568,-0.00800546258687973,-0.008029431104660034,-0.008017446845769882,-0.008017446845769882,-0.008017446845769882,-0.008029431104660034,-0.008017446845769882,-0.008017446845769882,-0.008029431104660034,-0.008029431104660034,-0.008041415363550186,-0.011996209621429443,-0.009048090316355228,-0.008700547739863396,-0.008712531998753548,-0.008712531998753548,-0.0087245162576437,-0.008688563480973244,-0.008700547739863396,-0.0087245162576437,-0.008700547739863396,-0.008712531998753548,-0.008712531998753548,-0.008700547739863396,-0.0087245162576437,-0.008712531998753548,-0.0087245162576437,-0.008700547739863396,-0.008700547739863396,-0.008700547739863396
right_shoulder_pitch_q,-0.39135685563087463,-0.3032248616218567,-0.3591312766075134,-0.3539181351661682,0.2890715003013611,0.30356043577194214,0.31144604086875916,0.2843736708164215,0.28436169028282166,0.2843736708164215,0.28436169028282166,0.2843736708164215,0.2843736708164215,0.2843736708164215,0.28436169028282166,0.2843736708164215,0.2843736708164215,0.2843736708164215,0.28436169028282166,0.2843736708164215,0.28436169028282166,0.28436169028282166,0.2843736708164215,0.2861952781677246,0.28383439779281616,0.28381043672561646,0.28381043672561646,0.28381043672561646,0.28383439779281616,0.28381043672561646,0.28381043672561646,0.28381043672561646,0.28381043672561646,0.28383439779281616,0.28383439779281616,0.28381043672561646,0.28383439779281616,0.28383439779281616,0.2838224172592163,0.2838224172592163,0.28381043672561646,0.28381043672561646,0.28381043672561646,0.28381043672561646,0.28383439779281616,0.28381043672561646,0.28538036346435547,0.27896878123283386,0.31015175580978394,0.30176278948783875,0.3246167004108429,0.30556178092956543,0.30547788739204407,0.39013445377349854,0.5010244846343994,0.6250132918357849,0.7319365739822388,0.8424431085586548,0.9578272104263306,1.0869213342666626,1.2079858779907227,1.3179771900177002,1.4494680166244507,1.4502350091934204,1.2849127054214478,1.0329084396362305,0.8276185989379883,0.7098376154899597,0.4941096007823944,0.2834988236427307,0.11301124095916748,-0.07260043919086456,-0.26356905698776245,-0.4947807192802429,-0.5025704503059387,-0.5025944113731384,-0.5027621984481812,-0.5206666588783264,-0.5352035164833069,-0.5460372567176819,-0.36254677176475525,-0.12976519763469696,0.029804768040776253,0.20947226881980896,0.21800504624843597,0.17934392392635345,0.042460110038518906,-0.08579506725072861,-0.20467858016490936,-0.3092649281024933,-0.4421340227127075,-0.5407162308692932,-0.5458215475082397,-0.5454859733581543,-0.542741596698761,-0.5307573676109314,-0.5213137865066528,-0.521074116230011,-0.3924833834171295,0.1128554493188858,0.6322637796401978,1.178876280784607,1.4519487619400024,1.4183930158615112,1.1457878351211548,0.9285377860069275,0.6659034490585327,0.4111068546772003,0.2925349473953247,0.28760942816734314,0.284673273563385,0.2811020016670227,0.29240310192108154,0.29946181178092957,0.27684760093688965,0.27719512581825256,0.2772071063518524,0.2772071063518524,0.27719512581825256,0.2772071063518524,0.2772071063518524,0.27719512581825256,0.27719512581825256,0.2772071063518524,0.27719512581825256,0.27362382411956787,0.29597440361976624,0.2851286828517914,0.2848530411720276,0.28478115797042847,0.2847451865673065,0.2847212255001068,0.2847212255001068,0.2847212255001068,0.2847451865673065,0.2847212255001068,0.2847212255001068,0.2846972644329071,0.2847212255001068,0.2847212255001068,0.2847212255001068,0.2847212255001068,0.2847212255001068,0.28470924496650696
right_shoulder_roll_q,-0.17375928163528442,-0.16511864960193634,-0.16658073663711548,-0.17015202343463898,-0.21765749156475067,-0.24212928116321564,-0.23960061371326447,-0.2403436303138733,-0.24035562574863434,-0.2403436303138733,-0.2403676062822342,-0.2403436303138733,-0.2403436303138733,-0.24035562574863434,-0.2403436303138733,-0.24035562574863434,-0.2403436303138733,-0.24033164978027344,-0.2403436303138733,-0.24035562574863434,-0.2403436303138733,-0.2403676062822342,-0.24035562574863434,-0.23632891476154327,-0.23634091019630432,-0.23632891476154327,-0.23632891476154327,-0.23631693422794342,-0.23631693422794342,-0.23632891476154327,-0.23632891476154327,-0.23631693422794342,-0.23631693422794342,-0.23631693422794342,-0.23631693422794342,-0.23632891476154327,-0.23631693422794342,-0.23632891476154327,-0.23631693422794342,-0.23632891476154327,-0.23632891476154327,-0.23631693422794342,-0.23634091019630432,-0.23632891476154327,-0.23631693422794342,-0.23634091019630432,-0.23541812598705292,-0.2244165986776352,-0.2382463961839676,-0.23785091936588287,-0.23364445567131042,-0.2337523102760315,-0.2337762862443924,-0.17949973046779633,-0.16322514414787292,-0.16122378408908844,-0.1567416787147522,-0.14976686239242554,-0.1339716613292694,-0.12644556164741516,-0.12504340708255768,-0.11646270006895065,-0.11369434744119644,-0.11365839093923569,-0.09569403529167175,-0.0854714959859848,-0.07648332417011261,-0.06689594686031342,-0.05537910386919975,-0.04563593119382858,-0.03827761486172676,-0.039200399070978165,-0.04951881989836693,-0.04730173572897911,-0.03650394827127457,-0.036623790860176086,-0.03651593253016472,-0.019306587055325508,0.0010426276130601764,0.002205097349360585,0.032525185495615005,0.07333147525787354,0.07816112041473389,0.07250456511974335,0.07183344662189484,0.07262440770864487,0.07624363899230957,0.07749000191688538,0.06972422450780869,0.055882442742586136,0.030116358771920204,0.020900487899780273,0.020540961995720863,0.01782054267823696,0.011828429996967316,0.0009347695740871131,-0.00447011599317193,-0.006603308022022247,-0.007849667221307755,-0.017185378819704056,-0.057512298226356506,-0.08119312673807144,-0.09825865924358368,-0.10102701932191849,-0.12210726737976074,-0.13369601964950562,-0.1573648601770401,-0.16966067254543304,-0.18268753588199615,-0.19821909070014954,-0.18849988281726837,-0.1980513036251068,-0.18790066242218018,-0.21479326486587524,-0.22604645788669586,-0.22607041895389557,-0.22607041895389557,-0.22607041895389557,-0.22607041895389557,-0.22607041895389557,-0.22607041895389557,-0.22604645788669586,-0.22607041895389557,-0.22605843842029572,-0.22604645788669586,-0.218244731426239,-0.23001323640346527,-0.23002521693706512,-0.23001323640346527,-0.23002521693706512,-0.23002521693706512,-0.23002521693706512,-0.23002521693706512,-0.23002521693706512,-0.23001323640346527,-0.23002521693706512,-0.23002521693706512,-0.23002521693706512,-0.23002521693706512,-0.23002521693706512,-0.23002521693706512,-0.23002521693706512,-0.23002521693706512,-0.23002521693706512
right_shoulder_yaw_q,-0.2718621492385864,-0.2563905119895935,-0.2630777060985565,-0.2636769115924835,0.02100834622979164,-0.021619541570544243,-0.021679462864995003,-0.024220118299126625,-0.02424408681690693,-0.024232102558016777,-0.024232102558016777,-0.02424408681690693,-0.024220118299126625,-0.024220118299126625,-0.024220118299126625,-0.024232102558016777,-0.02424408681690693,-0.024232102558016777,-0.02424408681690693,-0.02424408681690693,-0.02424408681690693,-0.024232102558016777,-0.024232102558016777,-0.020552946254611015,-0.020552946254611015,-0.020564930513501167,-0.020552946254611015,-0.020552946254611015,-0.020552946254611015,-0.020552946254611015,-0.020552946254611015,-0.020552946254611015,-0.020552946254611015,-0.020552946254611015,-0.020552946254611015,-0.020552946254611015,-0.020540961995720863,-0.020552946254611015,-0.020540961995720863,-0.020540961995720863,-0.020552946254611015,-0.020564930513501167,-0.020564930513501167,-0.020552946254611015,-0.020552946254611015,-0.020540961995720863,-0.0207566786557436,-0.021991053596138954,-0.020900487899780273,-0.02076866291463375,-0.021140173077583313,-0.02117612585425377,-0.02118811011314392,-0.025490447878837585,-0.03723498806357384,-0.06241384521126747,-0.07065898925065994,-0.09141567349433899,-0.10220146924257278,-0.12118448317050934,-0.14365491271018982,-0.17085909843444824,-0.21244436502456665,-0.21608756482601166,-0.19088473916053772,-0.17108680307865143,-0.1429598182439804,-0.13610485196113586,-0.11085408180952072,-0.09964883327484131,-0.09098424017429352,-0.08486030250787735,-0.08445283770561218,-0.059885174036026,-0.047026101499795914,-0.04514457657933235,-0.04465322196483612,-0.0315784327685833,-0.02141581103205681,-0.01750895380973816,0.02093644067645073,0.06223408132791519,0.10113487392663956,0.14739398658275604,0.1486523300409317,0.14697453379631042,0.11660651117563248,0.08373378217220306,0.05542704090476036,0.03404718264937401,0.012751216068863869,-0.008053399622440338,-0.012415657751262188,-0.014393054880201817,-0.01631052978336811,-0.020612867549061775,-0.024399882182478905,-0.02502306178212166,-0.03111104853451252,-0.07267234474420547,-0.13049623370170593,-0.1817767322063446,-0.21559621393680573,-0.21464945375919342,-0.16544222831726074,-0.12288624793291092,-0.07045526057481766,-0.024843299761414528,0.005440838169306517,0.007933557033538818,0.01059405505657196,0.006998787634074688,0.009407617151737213,-0.02773149684071541,-0.023872576653957367,-0.023872576653957367,-0.023872576653957367,-0.023872576653957367,-0.023872576653957367,-0.023872576653957367,-0.023872576653957367,-0.023872576653957367,-0.023872576653957367,-0.023872576653957367,-0.023908529430627823,-0.02449575625360012,-0.022961774840950966,-0.02250637486577034,-0.022494390606880188,-0.022482406347990036,-0.022482406347990036,-0.022482406347990036,-0.022470422089099884,-0.022470422089099884,-0.022482406347990036,-0.022482406347990036,-0.022470422089099884,-0.022482406347990036,-0.022458437830209732,-0.022470422089099884,-0.022458437830209732,-0.022482406347990036,-0.022458437830209732,-0.022434469312429428
right_elbow_q,0.24214127659797668,0.1252351552248001,0.18031466007232666,0.16075639426708221,0.9850793480873108,0.9857144951820374,0.9869129061698914,1.0063753128051758,1.0063632726669312,1.0063753128051758,1.006351351737976,1.0063632726669312,1.0063753128051758,1.0063632726669312,1.0063753128051758,1.0063753128051758,1.0063753128051758,1.0063632726669312,1.0063753128051758,1.0063632726669312,1.0063753128051758,1.0063753128051758,1.0063632726669312,1.0054045915603638,1.005380630493164,1.0054045915603638,1.005380630493164,1.005380630493164,1.0053925514221191,1.0054045915603638,1.005380630493164,1.0054166316986084,1.0054045915603638,1.0054045915603638,1.0053925514221191,1.0054045915603638,1.0054166316986084,1.0054045915603638,1.005380630493164,1.0053925514221191,1.005380630493164,1.0054045915603638,1.005380630493164,1.005380630493164,1.005380630493164,1.005380630493164,1.0030196905136108,1.0023126602172852,0.991035521030426,0.9899928569793701,0.9944150447845459,0.9924256801605225,0.9924256801605225,0.8795822262763977,0.7093822360038757,0.5210621356964111,0.359538733959198,0.19296999275684357,0.02725212834775448,-0.16516658663749695,-0.33910563588142395,-0.5087662935256958,-0.6977575421333313,-0.6978654265403748,-0.5787901282310486,-0.40987250208854675,-0.2742949426174164,-0.1892668753862381,-0.04833238199353218,0.09048090130090714,0.20428310334682465,0.3446543216705322,0.47772717475891113,0.5576739311218262,0.5527364611625671,0.5526405572891235,0.5527124404907227,0.5605501532554626,0.5798208117485046,0.5877063870429993,0.3395610451698303,0.014632739126682281,-0.22042585909366608,-0.4912933111190796,-0.506129801273346,-0.42919105291366577,-0.23143935203552246,-0.04921921342611313,0.12269449979066849,0.2682309150695801,0.4572461247444153,0.5962751507759094,0.6029503345489502,0.599307119846344,0.5887849926948547,0.5651041865348816,0.5533236861228943,0.5532757043838501,0.47337689995765686,0.15361380577087402,-0.17265672981739044,-0.5162444710731506,-0.6994353532791138,-0.6561123728752136,-0.26294589042663574,0.05179582163691521,0.4314081370830536,0.7968071699142456,0.9858583211898804,0.9875720739364624,0.9872245192527771,0.9869129061698914,0.9886506199836731,0.9938517808914185,0.9923657774925232,0.9923537969589233,0.9923537969589233,0.9923657774925232,0.9923537969589233,0.9923537969589233,0.9923537969589233,0.9923537969589233,0.9923537969589233,0.9923537969589233,0.9923418164253235,0.9995323419570923,0.9998798370361328,0.9997600317001343,0.999783992767334,0.999783992767334,0.9997720122337341,0.999783992767334,0.999783992767334,0.999783992767334,0.9997720122337341,0.999783992767334,0.999783992767334,0.999783992767334,0.999783992767334,0.9997600317001343,0.999783992767334,0.999783992767334,0.999783992767334,0.999783992767334
right_wrist_roll_q,0.0049734534695744514,0.0025166873820126057,0.0027923244051635265,0.0027324033435434103,-0.19368904829025269,-0.19386881589889526,-0.19389277696609497,-0.1907409280538559,-0.19075290858745575,-0.1907169669866562,-0.19068101048469543,-0.1906929910182953,-0.1907169669866562,-0.1907409280538559,-0.1906929910182953,-0.19066902995109558,-0.19070497155189514,-0.19068101048469543,-0.1906929910182953,-0.1906929910182953,-0.1907169669866562,-0.19066902995109558,-0.19070497155189514,-0.19576232135295868,-0.19577430188655853,-0.19579827785491943,-0.19579827785491943,-0.1958102583885193,-0.1958102583885193,-0.19582223892211914,-0.19582223892211914,-0.19582223892211914,-0.19582223892211914,-0.195834219455719,-0.19582223892211914,-0.195834219455719,-0.195834219455719,-0.1958102583885193,-0.195834219455719,-0.195834219455719,-0.195834219455719,-0.195834219455719,-0.19584621489048004,-0.19584621489048004,-0.19584621489048004,-0.195834219455719,-0.19638550281524658,-0.19692479074001312,-0.19649335741996765,-0.1970326453447342,-0.19664914906024933,-0.19667312502861023,-0.19666112959384918,-0.1862947791814804,-0.16925321519374847,-0.14795725047588348,-0.13651230931282043,-0.11189670860767365,-0.09788715094327927,-0.07312773913145065,-0.05793174356222153,-0.03474226966500282,-0.014141385443508625,-0.011217234656214714,-0.011337077245116234,-0.011169297620654106,-0.010270480997860432,-0.005908222869038582,-0.003032008884474635,-0.0027803401462733746,-0.002672482281923294,-0.0029361352790147066,-0.004697816446423531,-0.011492871679365635,-0.010030796751379967,-0.00999484397470951,-0.010078733786940575,-0.006986803375184536,-0.0019054918084293604,-0.0015339808305725455,-0.0028162929229438305,-0.010558102279901505,-0.016118783503770828,-0.0228659026324749,-0.02359693869948387,-0.024112261831760406,-0.023848608136177063,-0.02274606004357338,-0.020732710137963295,-0.015986956655979156,-0.009575395844876766,-0.004458131734281778,-0.0025166873820126057,-0.0023369239643216133,-0.0023009711876511574,-0.0024088292848318815,-0.0024687503464519978,-0.0024327978026121855,-0.0022889869287610054,-0.0007550062146037817,-0.000874848454259336,-0.0014021543320268393,-0.0025166873820126057,-0.005692507140338421,-0.04908738657832146,-0.08442886918783188,-0.12789565324783325,-0.16928917169570923,-0.19546271860599518,-0.1979794055223465,-0.19794344902038574,-0.19814717769622803,-0.19676899909973145,-0.19727233052253723,-0.19714049994945526,-0.19730828702449799,-0.19726034998893738,-0.19728431105613708,-0.19728431105613708,-0.19728431105613708,-0.19728431105613708,-0.19728431105613708,-0.19728431105613708,-0.19726034998893738,-0.19717645645141602,-0.19672106206417084,-0.1967090666294098,-0.1967570036649704,-0.19672106206417084,-0.19672106206417084,-0.19672106206417084,-0.19672106206417084,-0.1967570036649704,-0.19674502313137054,-0.1967570036649704,-0.1967330425977707,-0.19669708609580994,-0.1967330425977707,-0.19674502313137054,-0.1967809796333313,-0.1967330425977707,-0.19679296016693115,-0.196804940700531,-0.19679296016693115
right_wrist_pitch_q,0.1383698582649231,0.07225289195775986,0.10638396441936493,0.09756357967853546,0.020145483314990997,0.02063683606684208,0.020792631432414055,0.04140549898147583,0.04141748324036598,0.04140549898147583,0.04140549898147583,0.04141748324036598,0.04140549898147583,0.04141748324036598,0.04140549898147583,0.04140549898147583,0.04140549898147583,0.04139351472258568,0.04140549898147583,0.04140549898147583,0.04140549898147583,0.04140549898147583,0.041381530463695526,0.041429467499256134,0.04140549898147583,0.041429467499256134,0.04140549898147583,0.04140549898147583,0.041441451758146286,0.04140549898147583,0.04141748324036598,0.04141748324036598,0.04141748324036598,0.04141748324036598,0.04141748324036598,0.04141748324036598,0.04141748324036598,0.04141748324036598,0.041429467499256134,0.04141748324036598,0.04140549898147583,0.04141748324036598,0.04141748324036598,0.04141748324036598,0.04141748324036598,0.04141748324036598,0.04297543317079544,0.032525185495615005,0.041321609169244766,0.040362872183322906,0.04189684987068176,0.041381530463695526,0.04140549898147583,-0.0022889869287610054,-0.07040732353925705,-0.14587199687957764,-0.21107815206050873,-0.2778662443161011,-0.34290462732315063,-0.4217967987060547,-0.49529603123664856,-0.56672203540802,-0.6469324231147766,-0.6492453813552856,-0.5704850554466248,-0.4447346031665802,-0.3423174023628235,-0.27974778413772583,-0.1684982031583786,-0.06496648490428925,0.023441145196557045,0.12827914953231812,0.229078471660614,0.30300915241241455,0.3017747700214386,0.3016429543495178,0.3016189932823181,0.30250582098960876,0.3054419457912445,0.31132620573043823,0.2995457053184509,0.26726019382476807,0.24280039966106415,0.21313944458961487,0.21105419099330902,0.21152158081531525,0.22523152828216553,0.24572455883026123,0.26292192935943604,0.28032299876213074,0.2998213469982147,0.31389081478118896,0.315376877784729,0.3151012361049652,0.3141784369945526,0.3085818290710449,0.3033926486968994,0.3030690848827362,0.25402963161468506,0.014069480821490288,-0.22899457812309265,-0.49107760190963745,-0.6471961140632629,-0.6386153697967529,-0.48598429560661316,-0.3574415147304535,-0.20248547196388245,-0.054012902081012726,0.030979221686720848,0.03183010220527649,0.03117096982896328,0.031686291098594666,0.03191399201750755,0.04171708971261978,0.041069939732551575,0.041069939732551575,0.041069939732551575,0.04108192399144173,0.04109390825033188,0.04108192399144173,0.04109390825033188,0.04109390825033188,0.04109390825033188,0.04108192399144173,0.04109390825033188,0.02997254766523838,0.032513201236724854,0.032477252185344696,0.032501220703125,0.03248923644423485,0.032501220703125,0.03248923644423485,0.03248923644423485,0.03248923644423485,0.03248923644423485,0.032501220703125,0.032501220703125,0.03248923644423485,0.032513201236724854,0.032513201236724854,0.03248923644423485,0.03248923644423485,0.032501220703125,0.03248923644423485
right_wrist_yaw_q,-0.09468736499547958,-0.09239837527275085,-0.09324925392866135,-0.09351290762424469,-0.014572817832231522,0.016885774210095406,0.016753947362303734,0.017604826018214226,0.017616810277104378,0.017604826018214226,0.017592841759324074,0.017604826018214226,0.017604826018214226,0.017604826018214226,0.017604826018214226,0.017616810277104378,0.017604826018214226,0.017580857500433922,0.017604826018214226,0.017604826018214226,0.017616810277104378,0.01762879453599453,0.017592841759324074,0.017856495454907417,0.017844511196017265,0.017844511196017265,0.017844511196017265,0.017856495454907417,0.017856495454907417,0.017832526937127113,0.017856495454907417,0.017856495454907417,0.017844511196017265,0.017844511196017265,0.017844511196017265,0.017844511196017265,0.017856495454907417,0.017856495454907417,0.017856495454907417,0.01786847971379757,0.017844511196017265,0.017844511196017265,0.017844511196017265,0.017856495454907417,0.017844511196017265,0.017844511196017265,0.019174760207533836,0.016562199220061302,0.02883404679596424,0.028366660699248314,0.02630537375807762,0.026281405240297318,0.026257436722517014,0.019750002771615982,0.007238471880555153,-0.011205250397324562,-0.024687504395842552,-0.037942055612802505,-0.053353771567344666,-0.07158178091049194,-0.08584300428628922,-0.10341188311576843,-0.12343751639127731,-0.12504340708255768,-0.1176491379737854,-0.10194980353116989,-0.09200289845466614,-0.08959406614303589,-0.07015565782785416,-0.0604843832552433,-0.05068128928542137,-0.04957874119281769,-0.04924318194389343,-0.03479020670056343,-0.02569417841732502,-0.02546647936105728,-0.02539457380771637,-0.018911106511950493,-0.014968297444283962,-0.013925669714808464,0.0154956029728055,0.050465572625398636,0.0812290757894516,0.11905129253864288,0.12286227941513062,0.11634285748004913,0.08991764485836029,0.06585332006216049,0.04677443206310272,0.027419907972216606,0.01013865415006876,-0.007765777874737978,-0.00894023198634386,-0.009707222692668438,-0.009982859715819359,-0.012883041985332966,-0.014704644680023193,-0.015112107619643211,-0.018875155597925186,-0.040638506412506104,-0.07623165845870972,-0.10688730329275131,-0.12499547004699707,-0.12358132749795914,-0.0900135189294815,-0.05968144163489342,-0.023249397054314613,0.011325092986226082,0.03142263740301132,0.0334000363945961,0.035113781690597534,0.032513201236724854,0.036012597382068634,0.03344797343015671,0.025011077523231506,0.02497512474656105,0.024987109005451202,0.02497512474656105,0.024987109005451202,0.02497512474656105,0.02497512474656105,0.024987109005451202,0.02497512474656105,0.02497512474656105,0.024951156228780746,0.01818007044494152,0.026437200605869293,0.026197517290711403,0.026197517290711403,0.026197517290711403,0.02618553303182125,0.026197517290711403,0.026209499686956406,0.02618553303182125,0.026197517290711403,0.026197517290711403,0.026197517290711403,0.02618553303182125,0.02618553303182125,0.026197517290711403,0.026161564514040947,0.026197517290711403,0.026197517290711403,0.02618553303182125
arm_sdk_enable_q,0.0,0.0,0.0,0.0,0.0,0.0,0.0,0.0,0.0,0.0,0.0,0.0,0.0,0.0,0.0,0.0,0.0,0.0,0.0,0.0,0.0,0.0,0.0,0.0,0.0,0.0,0.0,0.0,0.0,0.0,0.0,0.0,0.0,0.0,0.0,0.0,0.0,0.0,0.0,0.0,0.0,0.0,0.0,0.0,0.0,0.0,0.0,0.0,0.0,0.0,0.0,0.0,0.0,0.0,0.0,0.0,0.0,0.0,0.0,0.0,0.0,0.0,0.0,0.0,0.0,0.0,0.0,0.0,0.0,0.0,0.0,0.0,0.0,0.0,0.0,0.0,0.0,0.0,0.0,0.0,0.0,0.0,0.0,0.0,0.0,0.0,0.0,0.0,0.0,0.0,0.0,0.0,0.0,0.0,0.0,0.0,0.0,0.0,0.0,0.0,0.0,0.0,0.0,0.0,0.0,0.0,0.0,0.0,0.0,0.0,0.0,0.0,0.0,0.0,0.0,0.0,0.0,0.0,0.0,0.0,0.0,0.0,0.0,0.0,0.0,0.0,0.0,0.0,0.0,0.0,0.0,0.0,0.0,0.0,0.0,0.0,0.0,0.0,0.0,0.0,0.0,0.0,0.0,0.0
left_hip_pitch_dq,0.0,-0.0010908308904618025,-0.015271632000803947,-0.002181661780923605,0.002181661780923605,0.0,0.006544985342770815,-0.02617994137108326,-0.0032724926713854074,-0.019634954631328583,-0.028361603617668152,-0.015271632000803947,-0.021816616877913475,0.0,-0.0359974168241024,0.0,-0.0032724926713854074,0.00436332356184721,-0.022907447069883347,0.020725786685943604,-0.002181661780923605,0.0,-0.0032724926713854074,-0.01636246219277382,-0.005454154219478369,0.006544985342770815,-0.020725786685943604,-0.011999139562249184,-0.006544985342770815,0.01636246219277382,-0.010908308438956738,-0.014180801808834076,-0.009817477315664291,0.00436332356184721,-0.0032724926713854074,-0.00872664712369442,-0.007635816000401974,0.005454154219478369,0.00436332356184721,0.005454154219478369,-0.00436332356184721,-0.002181661780923605,-0.00436332356184721,-0.025089111179113388,-0.006544985342770815,0.0,-0.04145157337188721,-1.211912989616394,0.0032724926713854074,-0.015271632000803947,-0.13089969754219055,-0.006544985342770815,0.0032724926713854074,-0.5355979204177856,0.3599741756916046,-0.5214171409606934,0.011999139562249184,0.00436332356184721,0.15162548422813416,0.00872664712369442,0.0010908308904618025,-0.0010908308904618025,0.021816616877913475,-0.15598881244659424,0.015271632000803947,0.010908308438956738,-0.007635816000401974,-0.028361603617668152,0.0,0.015271632000803947,-0.006544985342770815,0.0032724926713854074,0.025089111179113388,0.07635816186666489,-0.0032724926713854074,0.006544985342770815,-0.005454154219478369,-0.019634954631328583,-0.014180801808834076,-0.020725786685943604,0.01636246219277382,0.08399397134780884,0.005454154219478369,0.002181661780923605,-0.0032724926713854074,0.015271632000803947,0.028361603617668152,0.007635816000401974,-0.01308997068554163,0.00436332356184721,0.006544985342770815,-0.006544985342770815,-0.005454154219478369,-0.009817477315664291,-0.0010908308904618025,-0.0032724926713854074,-0.00436332356184721,-0.01745329424738884,-0.00872664712369442,0.06108652800321579,-0.015271632000803947,0.031634096056222916,0.01308997068554163,-0.0010908308904618025,-0.03708824887871742,-0.015271632000803947,-0.01854412443935871,-0.49087387323379517,0.8999354839324951,-0.26834437251091003,0.44287732243537903,0.5465062260627747,0.8137598037719727,-0.21271201968193054,-0.014180801808834076,0.015271632000803947,-0.01636246219277382,0.00436332356184721,-0.020725786685943604,0.006544985342770815,0.009817477315664291,-0.015271632000803947,0.005454154219478369,-0.005454154219478369,-0.21707533299922943,0.04908738657832146,0.009817477315664291,-0.0010908308904618025,0.015271632000803947,-0.002181661780923605,0.009817477315664291,0.010908308438956738,-0.011999139562249184,-0.006544985342770815,-0.007635816000401974,-0.006544985342770815,0.007635816000401974,-0.002181661780923605,-0.022907447069883347,-0.010908308438956738,-0.01854412443935871,0.0010908308904618025,0.0032724926713854074,-0.002181661780923605
left_hip_roll_dq,0.010908308438956738,0.005454154219478369,0.005454154219478369,0.005454154219478369,0.010908308438956738,-0.005454154219478369,0.002181661780923605,-0.007635816000401974,0.002181661780923605,0.0010908308904618025,0.014180801808834076,-0.007635816000401974,-0.0032724926713854074,0.0010908308904618025,0.0,0.0010908308904618025,-0.01636246219277382,-0.002181661780923605,0.014180801808834076,0.0010908308904618025,0.00436332356184721,-0.009817477315664291,0.014180801808834076,-0.009817477315664291,-0.0032724926713854074,0.01308997068554163,-0.00872664712369442,0.0,0.002181661780923605,-0.00436332356184721,-0.005454154219478369,-0.01308997068554163,0.010908308438956738,0.0010908308904618025,0.0010908308904618025,-0.00436332356184721,-0.023998279124498367,0.0,-0.00436332356184721,-0.00436332356184721,-0.011999139562249184,-0.010908308438956738,-0.002181661780923605,0.0,0.014180801808834076,0.005454154219478369,-0.011999139562249184,0.4625122547149658,-0.00872664712369442,0.00436332356184721,-0.007635816000401974,-0.007635816000401974,-0.00872664712369442,0.031634096056222916,-1.1464632749557495,0.5246896147727966,0.0032724926713854074,0.0,0.029452433809638023,-0.005454154219478369,0.0,-0.0032724926713854074,-0.002181661780923605,-0.030543264001607895,-0.00436332356184721,-0.009817477315664291,-0.00436332356184721,0.0,0.015271632000803947,0.006544985342770815,0.00872664712369442,0.01745329424738884,0.03817908093333244,-0.0010908308904618025,0.019634954631328583,0.002181661780923605,0.0,0.011999139562249184,0.0032724926713854074,-0.010908308438956738,0.006544985342770815,-0.030543264001607895,0.006544985342770815,0.0,-0.009817477315664291,-0.0010908308904618025,-0.006544985342770815,0.002181661780923605,-0.01854412443935871,-0.0032724926713854074,0.0010908308904618025,-0.00436332356184721,0.0,0.0,0.0032724926713854074,0.002181661780923605,0.002181661780923605,-0.005454154219478369,-0.028361603617668152,0.009817477315664291,-0.007635816000401974,0.010908308438956738,0.00872664712369442,0.0032724926713854074,-0.007635816000401974,0.002181661780923605,-0.03272492438554764,0.021816616877913475,-0.9446594715118408,0.8944812417030334,-0.49960052967071533,0.5541420578956604,-0.553051233291626,0.011999139562249184,-0.0010908308904618025,0.009817477315664291,-0.010908308438956738,0.010908308438956738,-0.015271632000803947,-0.002181661780923605,0.00436332356184721,-0.009817477315664291,-0.01636246219277382,-0.01308997068554163,-0.16035212576389313,0.15707963705062866,-0.01854412443935871,-0.002181661780923605,-0.002181661780923605,0.00436332356184721,0.006544985342770815,-0.0010908308904618025,0.002181661780923605,-0.009817477315664291,-0.002181661780923605,-0.01745329424738884,0.00436332356184721,0.009817477315664291,-0.010908308438956738,0.0,-0.006544985342770815,-0.007635816000401974,-0.002181661780923605,0.002181661780923605
left_hip_yaw_dq,0.02571243979036808,-0.0034283252898603678,0.011999139562249184,0.011999139562249184,0.008570813573896885,-0.015427465550601482,0.0,-0.0034283252898603678,0.0068566505797207355,-0.011999139562249184,0.0051424880512058735,-0.0017141626449301839,-0.015427465550601482,-0.0068566505797207355,-0.0051424880512058735,-0.022284114733338356,0.0034283252898603678,-0.04285406693816185,-0.037711579352617264,-0.05313904583454132,0.015427465550601482,-0.0017141626449301839,-0.03256909176707268,-0.0034283252898603678,0.010284976102411747,0.0051424880512058735,-0.027426602318882942,0.0034283252898603678,-0.0017141626449301839,-0.0051424880512058735,-0.0017141626449301839,0.015427465550601482,-0.013713301159441471,-0.011999139562249184,0.02571243979036808,-0.015427465550601482,-0.0068566505797207355,0.0068566505797207355,0.015427465550601482,-0.0034283252898603678,0.010284976102411747,0.008570813573896885,0.0,-0.0017141626449301839,-0.010284976102411747,0.013713301159441471,-0.1851295679807663,-0.623955249786377,0.0034283252898603678,0.015427465550601482,-0.0034283252898603678,0.0051424880512058735,0.0068566505797207355,-0.04456822946667671,-0.010284976102411747,0.06685234606266022,-0.03428325429558754,0.02571243979036808,0.0,-0.015427465550601482,0.027426602318882942,0.010284976102411747,0.011999139562249184,0.0068566505797207355,0.0017141626449301839,-0.03428325429558754,-0.013713301159441471,0.015427465550601482,0.0,-0.02571243979036808,-0.008570813573896885,0.018855789676308632,0.08056564629077911,0.0,-0.022284114733338356,-0.013713301159441471,-0.0068566505797207355,0.0068566505797207355,-0.04113990440964699,-0.0068566505797207355,-0.008570813573896885,-0.022284114733338356,0.0,0.030854931101202965,0.0,-0.015427465550601482,-0.011999139562249184,-0.0017141626449301839,0.010284976102411747,-0.0051424880512058735,-0.008570813573896885,0.013713301159441471,-0.010284976102411747,0.013713301159441471,0.020569952204823494,0.015427465550601482,0.0051424880512058735,-0.02571243979036808,-0.0034283252898603678,-0.03256909176707268,0.008570813573896885,-0.0017141626449301839,0.0051424880512058735,0.0,0.0051424880512058735,0.0017141626449301839,0.0017141626449301839,0.0051424880512058735,-0.4748230576515198,-0.6702376008033752,-0.4833938777446747,-0.6290977001190186,0.44053980708122253,-0.04456822946667671,0.0068566505797207355,0.011999139562249184,0.011999139562249184,-0.0068566505797207355,0.02571243979036808,0.01714162714779377,0.027426602318882942,0.022284114733338356,-0.0051424880512058735,-0.02571243979036808,0.03428325429558754,-0.1439896672964096,0.013713301159441471,0.0,-0.018855789676308632,-0.008570813573896885,0.0068566505797207355,0.010284976102411747,0.010284976102411747,-0.01714162714779377,-0.013713301159441471,-0.018855789676308632,0.0,0.0,0.0,0.013713301159441471,0.0034283252898603678,-0.018855789676308632,-0.0051424880512058735,0.0051424880512058735
left_knee_dq,0.006544985342770815,0.005454154219478369,0.0,-0.007635816000401974,-0.005454154219478369,0.01854412443935871,-0.007635816000401974,0.00872664712369442,-0.0032724926713854074,0.006544985342770815,-0.006544985342770815,-0.010908308438956738,-0.010908308438956738,-0.007635816000401974,0.01308997068554163,0.015271632000803947,-0.0032724926713854074,-0.00436332356184721,-0.005454154219478369,-0.006544985342770815,-0.0010908308904618025,-0.0010908308904618025,0.01745329424738884,0.00436332356184721,-0.002181661780923605,-0.015271632000803947,-0.01854412443935871,-0.01745329424738884,0.011999139562249184,0.006544985342770815,-0.002181661780923605,-0.006544985342770815,0.00436332356184721,0.00436332356184721,0.0032724926713854074,0.0,0.007635816000401974,0.007635816000401974,0.0010908308904618025,0.010908308438956738,0.011999139562249184,-0.010908308438956738,0.0,0.011999139562249184,-0.005454154219478369,0.01308997068554163,0.6774059534072876,1.751874327659607,0.01308997068554163,0.010908308438956738,0.021816616877913475,-0.002181661780923605,0.0,0.6206827163696289,-1.9176805019378662,0.7973973155021667,0.09272062033414841,-0.009817477315664291,0.0032724926713854074,-0.009817477315664291,-0.00872664712369442,-0.03272492438554764,-0.006544985342770815,-0.05235988274216652,0.0010908308904618025,0.029452433809638023,-0.0032724926713854074,0.010908308438956738,-0.0010908308904618025,0.007635816000401974,0.005454154219478369,-0.00436332356184721,0.030543264001607895,-0.010908308438956738,-0.021816616877913475,-0.0032724926713854074,-0.010908308438956738,-0.010908308438956738,0.006544985342770815,0.0,-0.030543264001607895,0.0032724926713854074,-0.00872664712369442,0.0,-0.009817477315664291,-0.010908308438956738,-0.00436332356184721,0.04472406581044197,-0.03817908093333244,-0.009817477315664291,-0.010908308438956738,-0.007635816000401974,0.009817477315664291,-0.0032724926713854074,0.0,-0.007635816000401974,0.0,0.0032724926713854074,-0.03708824887871742,0.020725786685943604,-0.06435901671648026,-0.01636246219277382,-0.025089111179113388,-0.023998279124498367,0.0010908308904618025,0.020725786685943604,-0.025089111179113388,-0.12980887293815613,-1.264272928237915,-0.0818123072385788,-1.1573715209960938,0.29997849464416504,-1.2599096298217773,0.10035644471645355,-0.011999139562249184,0.007635816000401974,-0.009817477315664291,0.005454154219478369,-0.009817477315664291,-0.010908308438956738,-0.007635816000401974,0.0,-0.0010908308904618025,0.007635816000401974,0.38288164138793945,-0.07744898647069931,-0.00436332356184721,-0.009817477315664291,-0.02727077156305313,-0.01308997068554163,-0.00436332356184721,-0.009817477315664291,-0.002181661780923605,0.00872664712369442,-0.01308997068554163,0.0,-0.01745329424738884,-0.00436332356184721,0.00872664712369442,-0.01636246219277382,0.0,0.00436332356184721,0.0010908308904618025,0.0
left_ankle_pitch_dq,-0.011566320434212685,0.0036773988977074623,-0.0037139307241886854,-0.0031159804202616215,-0.006330979987978935,0.0,-0.0027405936270952225,0.005856105592101812,-0.00231612054631114,0.00042901013512164354,-0.006140353623777628,0.004300618544220924,0.00602981261909008,0.008711777627468109,0.0032215157989412546,-0.012138583697378635,-0.0017765691736713052,-0.0011106855235993862,-0.006632530130445957,-0.003840024583041668,0.0022687460295856,0.0025398400612175465,-0.0033320565707981586,0.0015953369438648224,-0.0043592192232608795,-0.000521280278917402,0.0015638407785445452,-0.004343471024185419,-0.0038694352842867374,-0.002211105776950717,0.0020536251831799746,0.005938808433711529,0.004390715155750513,-0.004422211553901434,0.0011055528884753585,0.0010268125915899873,0.004343471024185419,-0.006001800298690796,-0.0006630129646509886,-0.0033481549471616745,-0.006159281358122826,-0.001121300971135497,-0.00328516261652112,-0.0043119750916957855,-0.004422211553901434,-0.0017055736389011145,-0.6131787300109863,-0.6890570521354675,-0.07735345512628555,-0.0016141354572027922,-0.04530583694577217,0.005419984459877014,0.002752899657934904,-0.13625751435756683,1.9141578674316406,-0.5199270844459534,0.03148484602570534,0.003288369858637452,-0.0038267828058451414,-0.054765474051237106,0.0004872098797932267,-0.0113209905102849,0.007464924827218056,0.0036822219844907522,0.005869837943464518,0.015521392226219177,0.016113989055156708,0.007468709256500006,0.04859910160303116,0.04150655120611191,0.006398551166057587,0.002616469981148839,0.050036534667015076,-0.0039613922126591206,-0.007203476037830114,-0.0050627742893993855,-0.004020294174551964,-0.0016752041410654783,0.0048583862371742725,-0.003815906122326851,-0.0042999847792088985,3.661182927316986e-05,-0.051900677382946014,-0.035887379199266434,4.382050974527374e-06,-0.0016410801326856017,0.002682548714801669,0.011824170127511024,0.04130091518163681,0.031125079840421677,0.0246204175055027,0.025798089802265167,0.00487021217122674,-0.0012333530467003584,0.0010779526783153415,0.007603944279253483,0.005928740371018648,0.010391287505626678,-0.004970736801624298,-0.11415459960699081,-0.09235848486423492,-0.098117895424366,-0.010793675668537617,-0.0027351081371307373,0.0067896111868321896,0.0026714694686233997,0.03388117253780365,-0.00809985026717186,1.5154229402542114,-0.5502817034721375,0.318876713514328,-0.1400793492794037,0.7520977258682251,-0.0033650014083832502,-0.0038486330304294825,0.0,0.0032433217857033014,-0.0006187093094922602,0.001076641259714961,0.0026648070197552443,0.0016551562584936619,0.004360157530754805,0.001668554381467402,-0.004386953543871641,-0.1113424003124237,0.08880288898944855,0.0005537522374652326,-0.0005564455641433597,-0.004357076250016689,-0.005086751189082861,-0.002797975903376937,0.00488202553242445,0.004309832118451595,-0.0038636229000985622,0.002703487640246749,-0.0006351859192363918,-0.006567110773175955,-0.004498809110373259,-4.724427344626747e-05,-0.00488202553242445,-7.874045695643872e-05,0.004388572182506323,0.001669336692430079,-0.003338673384860158
left_ankle_roll_dq,-0.01116089429706335,-0.000913530879188329,0.0009207414695993066,-0.007441200315952301,-0.009337957948446274,0.0,-0.004557135049253702,-0.019024237990379333,-0.014541390351951122,-0.013614624738693237,-0.013659919612109661,-0.009048736654222012,0.0009494133410044014,-0.005386966746300459,-0.0072404989041388035,-0.010977759957313538,-0.015445509925484657,-0.0018233356531709433,-0.007308441214263439,-0.0009343153215013444,0.009094031527638435,-0.02267845906317234,-0.0054700071923434734,-0.004515237174928188,-2.7736112315324135e-05,0.0027119158767163754,-0.008135747164487839,0.0017825192771852016,-0.006360162515193224,-0.003634378546848893,-0.014468174427747726,-0.00629775645211339,0.003648246405646205,-0.007268757093697786,0.0018171892734244466,-0.007234087213873863,-0.0017825192771852016,-0.0009432645747438073,-0.013580381870269775,-0.0090720783919096,-0.019045816734433174,-0.0036274443846195936,-0.001831057365052402,0.005403029732406139,-0.007268757093697786,-0.00815654918551445,-0.2628719210624695,-0.012858446687459946,0.048502761870622635,0.0026966894511133432,-0.017617132514715195,-0.00360333570279181,0.004571391735225916,0.13923931121826172,-0.30598336458206177,0.6799085736274719,0.01854272559285164,0.00551652442663908,-0.006452513393014669,0.02897033654153347,-0.008279984816908836,-0.008389371447265148,-0.0036362842656672,-0.010118369944393635,-0.0045631215907633305,-0.013721762225031853,0.0037875808775424957,-0.01097213476896286,-0.005117455031722784,-0.020698316395282745,-0.019983520731329918,-0.011784560047090054,-0.010542565956711769,-0.008115298114717007,-0.006346446927636862,-0.011713673360645771,-0.017090486362576485,-0.0027075798716396093,-0.008036459796130657,0.0026596463285386562,0.008938985876739025,0.007204165682196617,0.029692402109503746,0.021698476746678352,0.0018252496374771,-0.0027425959706306458,-0.017332002520561218,-0.01817335933446884,-0.016176385805010796,-0.020715663209557533,0.0064652846194803715,0.001052871230058372,-0.0062653920613229275,-0.012596151791512966,-0.0017919796518981457,-0.007148308679461479,-0.009855888783931732,-0.009794985875487328,-0.0009248979622498155,0.029393021017313004,-0.030818559229373932,-0.006329803261905909,-0.011115369386970997,-0.004631461575627327,-0.024821188300848007,-0.0045838248915970325,-0.009833834134042263,0.0008529093465767801,-0.22422648966312408,0.9921051263809204,-0.09687833487987518,-0.23010925948619843,0.000673633418045938,-0.010980585590004921,-0.004562427755445242,0.0,-0.003621474839746952,-0.010002002120018005,-0.0018131915712729096,-0.008169177919626236,0.002734511625021696,1.9632649127743207e-05,0.004552611615508795,-0.0036558317951858044,-0.09594841301441193,-0.1668194830417633,0.0009055507252924144,-0.0009087553480640054,0.00359148858115077,-0.017230074852705002,-0.0063540320843458176,-0.006303243804723024,-0.00902225449681282,-0.0027407770976424217,-0.004507499746978283,-0.009960031136870384,0.0017667226493358612,-0.01270080916583538,-0.005430765450000763,0.006303243804723024,-0.009051276370882988,2.902181768149603e-05,0.0027262659277766943,-0.005452531855553389
right_hip_pitch_dq,0.00436332356184721,-0.010908308438956738,0.009817477315664291,0.0,0.007635816000401974,0.0,-0.010908308438956738,-0.014180801808834076,0.007635816000401974,0.00436332356184721,-0.0010908308904618025,-0.00436332356184721,0.00436332356184721,-0.01308997068554163,-0.006544985342770815,0.014180801808834076,-0.023998279124498367,0.011999139562249184,-0.020725786685943604,-0.01745329424738884,0.00872664712369442,0.009817477315664291,-0.014180801808834076,0.00436332356184721,0.00436332356184721,0.0,-0.007635816000401974,0.005454154219478369,0.006544985342770815,0.005454154219478369,0.009817477315664291,0.007635816000401974,-0.0032724926713854074,0.0032724926713854074,-0.02617994137108326,0.019634954631328583,-0.020725786685943604,0.0,0.014180801808834076,0.0,-0.005454154219478369,0.020725786685943604,0.006544985342770815,-0.010908308438956738,0.029452433809638023,0.0,0.24543693661689758,0.6261368989944458,0.0010908308904618025,0.12980887293815613,-0.11671890318393707,0.00872664712369442,0.01636246219277382,-0.020725786685943604,-0.16035212576389313,0.028361603617668152,0.03817908093333244,-0.0010908308904618025,0.09381145238876343,-0.00436332356184721,0.0512690469622612,0.00872664712369442,0.021816616877913475,-0.1538071483373642,0.031634096056222916,-0.0032724926713854074,0.07526732236146927,-0.01636246219277382,-0.0010908308904618025,-0.009817477315664291,-0.007635816000401974,-0.04254240170121193,0.01854412443935871,0.05999569594860077,-0.01636246219277382,0.0010908308904618025,-0.01745329424738884,-0.006544985342770815,-0.006544985342770815,-0.002181661780923605,0.12217305600643158,0.07090400159358978,0.1636246144771576,0.015271632000803947,0.022907447069883347,0.01308997068554163,0.031634096056222916,-0.002181661780923605,-0.025089111179113388,-0.02617994137108326,-0.010908308438956738,0.014180801808834076,0.00872664712369442,0.007635816000401974,0.002181661780923605,0.010908308438956738,0.005454154219478369,0.0032724926713854074,0.0,0.07963065057992935,0.03817908093333244,0.01636246219277382,0.005454154219478369,-0.005454154219478369,-0.03490658849477768,-0.0032724926713854074,0.04254240170121193,-0.021816616877913475,-0.934842050075531,-0.7995790243148804,-0.8192139267921448,1.4802573919296265,-0.6719517707824707,-0.07417649775743484,-0.009817477315664291,-0.03272492438554764,0.0,0.0010908308904618025,0.031634096056222916,0.009817477315664291,-0.0010908308904618025,-0.005454154219478369,0.0010908308904618025,-0.014180801808834076,0.10581059008836746,-0.002181661780923605,0.002181661780923605,0.009817477315664291,-0.0032724926713854074,0.007635816000401974,0.0010908308904618025,-0.011999139562249184,0.011999139562249184,0.0,0.0010908308904618025,0.009817477315664291,0.006544985342770815,0.0,-0.010908308438956738,-0.010908308438956738,0.007635816000401974,0.0010908308904618025,0.002181661780923605,-0.011999139562249184
right_hip_roll_dq,-0.00872664712369442,-0.010908308438956738,-0.011999139562249184,0.0010908308904618025,0.0,-0.019634954631328583,0.00436332356184721,-0.006544985342770815,-0.011999139562249184,0.0,-0.0032724926713854074,0.01308997068554163,0.010908308438956738,-0.00436332356184721,0.00436332356184721,0.002181661780923605,-0.01308997068554163,0.002181661780923605,-0.002181661780923605,0.006544985342770815,0.010908308438956738,-0.009817477315664291,0.007635816000401974,-0.006544985342770815,-0.011999139562249184,-0.002181661780923605,0.0,0.0010908308904618025,0.0,0.0032724926713854074,0.00436332356184721,0.0,0.007635816000401974,0.002181661780923605,-0.00872664712369442,-0.011999139562249184,-0.014180801808834076,-0.00872664712369442,-0.005454154219478369,-0.015271632000803947,0.0032724926713854074,-0.007635816000401974,0.0,0.00436332356184721,0.0010908308904618025,-0.014180801808834076,-0.007635816000401974,0.4712389409542084,0.007635816000401974,-0.006544985342770815,0.022907447069883347,0.0,-0.005454154219478369,0.19089539349079132,-0.6195918917655945,0.15817047655582428,0.047996558248996735,-0.01854412443935871,-0.014180801808834076,-0.01636246219277382,-0.01308997068554163,-0.010908308438956738,0.0,0.009817477315664291,-0.009817477315664291,0.002181661780923605,-0.009817477315664291,0.0010908308904618025,0.0,-0.0010908308904618025,-0.0032724926713854074,0.01745329424738884,0.040360741317272186,0.0,0.00436332356184721,-0.0010908308904618025,0.00436332356184721,-0.010908308438956738,0.0,0.010908308438956738,0.009817477315664291,-0.022907447069883347,0.002181661780923605,-0.014180801808834076,-0.01745329424738884,-0.010908308438956738,0.01308997068554163,0.01308997068554163,-0.00436332356184721,-0.0032724926713854074,-0.015271632000803947,0.0,0.0,-0.00872664712369442,0.0,-0.0032724926713854074,-0.006544985342770815,-0.006544985342770815,-0.00436332356184721,0.0,-0.0010908308904618025,0.021816616877913475,0.007635816000401974,0.0032724926713854074,0.0,0.021816616877913475,-0.002181661780923605,0.020725786685943604,-0.596684455871582,0.7406741380691528,-0.37197330594062805,0.6054111123085022,-0.6250460743904114,-0.05781403183937073,-0.011999139562249184,0.022907447069883347,-0.011999139562249184,0.009817477315664291,0.002181661780923605,0.006544985342770815,-0.009817477315664291,-0.010908308438956738,-0.007635816000401974,0.0,-0.5945028066635132,0.18216875195503235,-0.023998279124498367,0.0032724926713854074,-0.0010908308904618025,-0.0032724926713854074,0.0010908308904618025,-0.007635816000401974,-0.011999139562249184,-0.011999139562249184,-0.0032724926713854074,0.010908308438956738,0.005454154219478369,-0.0010908308904618025,0.011999139562249184,0.0,-0.011999139562249184,-0.005454154219478369,0.0032724926713854074,-0.02727077156305313
right_hip_yaw_dq,0.011999139562249184,0.0034283252898603678,0.0,0.0,0.030854931101202965,-0.013713301159441471,0.008570813573896885,-0.0068566505797207355,-0.0034283252898603678,0.013713301159441471,-0.0017141626449301839,0.0051424880512058735,0.0,-0.0051424880512058735,0.008570813573896885,0.008570813573896885,0.0,0.0068566505797207355,0.01714162714779377,0.0034283252898603678,0.0,-0.0034283252898603678,0.011999139562249184,-0.015427465550601482,-0.0068566505797207355,0.0,-0.0359974168241024,0.01714162714779377,-0.013713301159441471,-0.015427465550601482,-0.0034283252898603678,-0.0068566505797207355,0.0,-0.015427465550601482,0.0,0.0,0.0034283252898603678,-0.037711579352617264,0.0068566505797207355,-0.0034283252898603678,0.01714162714779377,-0.018855789676308632,0.010284976102411747,0.0017141626449301839,-0.008570813573896885,0.0051424880512058735,0.23998278379440308,-0.26740938425064087,0.0051424880512058735,-0.0051424880512058735,0.008570813573896885,-0.010284976102411747,-0.0068566505797207355,0.10627809166908264,-0.8090848326683044,-0.4902505576610565,-0.027426602318882942,-0.015427465550601482,0.04113990440964699,0.008570813573896885,-0.008570813573896885,0.0359974168241024,0.018855789676308632,0.0068566505797207355,0.02571243979036808,-0.0034283252898603678,0.022284114733338356,0.013713301159441471,0.0068566505797207355,-0.0068566505797207355,0.0,0.0497107207775116,0.03428325429558754,-0.0068566505797207355,-0.011999139562249184,-0.0068566505797207355,-0.015427465550601482,-0.01714162714779377,0.0051424880512058735,0.0051424880512058735,-0.020569952204823494,-0.0068566505797207355,-0.0034283252898603678,-0.0017141626449301839,0.023998279124498367,0.0,0.013713301159441471,-0.039425741881132126,-0.008570813573896885,-0.015427465550601482,0.0034283252898603678,-0.0359974168241024,0.010284976102411747,0.011999139562249184,0.0068566505797207355,-0.0017141626449301839,-0.0051424880512058735,0.0017141626449301839,-0.008570813573896885,0.0,0.023998279124498367,0.011999139562249184,-0.03428325429558754,-0.0051424880512058735,0.010284976102411747,0.01714162714779377,0.03428325429558754,0.0017141626449301839,0.320548415184021,-0.6685234308242798,0.3376900553703308,-1.5821722745895386,0.215984508395195,-0.1628454625606537,0.0,-0.011999139562249184,-0.015427465550601482,-0.008570813573896885,-0.010284976102411747,-0.0051424880512058735,0.013713301159441471,0.008570813573896885,-0.0034283252898603678,0.008570813573896885,0.5313904285430908,-0.07370899617671967,0.0051424880512058735,0.0017141626449301839,-0.013713301159441471,0.018855789676308632,0.0,-0.008570813573896885,0.0,0.0034283252898603678,-0.010284976102411747,0.0017141626449301839,-0.008570813573896885,-0.020569952204823494,0.010284976102411747,-0.0051424880512058735,0.0,0.023998279124498367,-0.0068566505797207355,0.0034283252898603678
right_knee_dq,-0.0359974168241024,0.01636246219277382,-0.005454154219478369,-0.010908308438956738,0.007635816000401974,-0.007635816000401974,-0.002181661780923605,0.01308997068554163,0.007635816000401974,-0.01636246219277382,0.005454154219478369,-0.002181661780923605,-0.006544985342770815,-0.01308997068554163,0.009817477315664291,0.010908308438956738,0.040360741317272186,-0.007635816000401974,0.04908738657832146,0.009817477315664291,-0.006544985342770815,0.014180801808834076,0.019634954631328583,0.0,0.01308997068554163,0.0,0.01308997068554163,-0.00436332356184721,0.010908308438956738,0.002181661780923605,-0.005454154219478369,0.006544985342770815,-0.011999139562249184,0.0032724926713854074,0.0010908308904618025,0.0010908308904618025,0.009817477315664291,0.0010908308904618025,0.005454154219478369,-0.0010908308904618025,0.010908308438956738,0.006544985342770815,0.00436332356184721,0.00436332356184721,-0.007635816000401974,0.0010908308904618025,-0.4057890474796295,-1.6384278535842896,-0.011999139562249184,-0.02617994137108326,-0.006544985342770815,-0.005454154219478369,0.025089111179113388,-0.21816617250442505,0.9937468767166138,-0.30434179306030273,0.08399397134780884,0.011999139562249184,-0.040360741317272186,-0.00872664712369442,0.0,0.01636246219277382,0.006544985342770815,-0.05235988274216652,-0.03381575644016266,0.011999139562249184,0.009817477315664291,0.02617994137108326,0.0032724926713854074,0.03817908093333244,0.047996558248996735,0.03708824887871742,0.011999139562249184,0.005454154219478369,0.006544985342770815,0.006544985342770815,-0.020725786685943604,-0.002181661780923605,0.0032724926713854074,-0.030543264001607895,-0.2148936688899994,-0.07308566570281982,-0.16689711809158325,-0.006544985342770815,-0.00872664712369442,-0.01636246219277382,0.04363323375582695,0.07963065057992935,0.025089111179113388,0.06217735633254051,0.023998279124498367,0.023998279124498367,0.021816616877913475,0.023998279124498367,0.02727077156305313,0.01308997068554163,0.014180801808834076,0.015271632000803947,-0.02727077156305313,-0.007635816000401974,-0.16144296526908875,0.028361603617668152,-0.007635816000401974,-0.0032724926713854074,-0.002181661780923605,0.019634954631328583,-0.010908308438956738,-0.1178097352385521,1.839140772819519,0.5977753400802612,1.239183783531189,-1.74642014503479,1.6384278535842896,0.009817477315664291,0.02617994137108326,0.00872664712369442,0.01745329424738884,0.0,0.02617994137108326,0.0010908308904618025,0.021816616877913475,0.01745329424738884,0.00872664712369442,0.02617994137108326,-0.10581059008836746,-0.010908308438956738,0.002181661780923605,-0.009817477315664291,0.002181661780923605,0.0010908308904618025,0.01854412443935871,-0.007635816000401974,0.022907447069883347,0.03272492438554764,0.0010908308904618025,0.02727077156305313,0.022907447069883347,0.0,0.023998279124498367,0.00436332356184721,0.023998279124498367,0.005454154219478369,0.015271632000803947,-0.0010908308904618025
right_ankle_pitch_dq,0.0020950157195329666,-0.0021111289970576763,0.0036622798070311546,-0.0010453796712681651,0.005256731063127518,0.002122259698808193,-0.0005476967780850828,-0.004819849971681833,-0.0026602642610669136,0.0,-0.004291158635169268,0.002677072072401643,-0.0016252920031547546,-2.8012900656904094e-05,-0.0010741903679445386,0.0026994822546839714,0.0005398964858613908,0.0010741903679445386,-0.0037456597201526165,-0.0005230886745266616,-0.0069738333113491535,-0.0021595859434455633,-0.002125970320776105,0.00486309127882123,0.0,3.309014573460445e-06,-6.61802914692089e-06,0.002151079010218382,0.0010722305160015821,0.003777624573558569,0.002705394057556987,-0.002151079010218382,0.0043120854534208775,0.0016100002685561776,-2.647211658768356e-05,0.0,-0.0016397814033553004,0.004328630398958921,-3.309014573460445e-06,-0.002161006210371852,0.0,0.0016232363414019346,0.0016100002685561776,3.309014573460445e-06,-0.0027120120357722044,-0.0048498548567295074,-0.3815354108810425,1.2187364101409912,0.01581323891878128,0.0005619211005978286,-0.04594320431351662,-0.024303846061229706,-0.0032330453395843506,0.18953576683998108,-1.5060800313949585,0.10457413643598557,-0.04569535702466965,-6.048154318705201e-06,0.006441543344408274,-0.01608310267329216,0.005876130424439907,0.002163534052670002,0.0021465520840138197,0.006432109046727419,0.0010704457527026534,-0.006428335327655077,0.007513876538723707,0.009648428298532963,0.05093648284673691,0.018871577456593513,0.007553519681096077,-0.00271286116912961,0.07903345674276352,-0.003303623292595148,0.003799246158450842,0.0,-0.0005685709184035659,-0.001102713169530034,-0.0010994666954502463,-0.002722127828747034,0.10514283180236816,-0.0032828617841005325,-0.002188462996855378,-0.0027359973173588514,0.0005492084310390055,0.0038317355792969465,-0.003829391673207283,-0.0010937292827293277,0.0054703205823898315,0.004377260804176331,2.008815499721095e-06,0.003830396104604006,0.004925799090415239,-0.0010933944722637534,0.0,0.0027353274635970592,-0.0032815225422382355,0.0021891326177865267,-0.004374917130917311,-0.13059811294078827,-0.038286495953798294,-0.04573355242609978,-0.012833247892558575,-0.005878082476556301,-0.0032134545035660267,-0.0037708706222474575,0.0015956389252096415,0.10796187072992325,-0.5919049382209778,-0.4015769362449646,-0.6287209987640381,1.2368335723876953,-0.6637518405914307,-0.003252947935834527,0.012515156529843807,-0.00433901185169816,-0.0016390403034165502,0.0037354936357587576,-0.0027253814041614532,0.004307250026613474,0.0021599773317575455,0.0005209371447563171,0.0010799886658787727,0.0026745623908936977,0.05135659873485565,0.07440878450870514,0.0010845307260751724,0.00486175250262022,0.0010891477577388287,-0.003253111382946372,1.0748832210083492e-05,0.0065133883617818356,-0.003242362756282091,-0.002181878313422203,0.0005409909063018858,-0.0043350933119654655,0.0026942058466374874,-0.005409909412264824,-0.01194121316075325,-0.007595370523631573,0.0005481567932292819,0.005975980777293444,-0.0032674430403858423,-0.0027228693943470716
right_ankle_roll_dq,0.001844722661189735,1.2769831300829537e-05,-0.013978466391563416,0.0018686936236917973,0.001821868005208671,-0.005459137260913849,-0.004589426331222057,-0.004573957994580269,-0.008260752074420452,0.0,-0.001818729331716895,0.0027453613001853228,0.004603559151291847,0.009192317724227905,4.9335808398609515e-06,-0.004608492832630873,-0.0009216985199600458,-4.9335808398609515e-06,-0.004578891210258007,-0.004593691788613796,-0.0027256268076598644,0.0036867940798401833,-0.007343986537307501,0.00457913288846612,0.0,0.0018362852279096842,-0.0036725704558193684,-0.003677717177197337,-0.003675143700093031,0.0009091358515433967,0.004584279842674732,0.003677717177197337,-0.0018465787870809436,-0.00459457328543067,-0.014690281823277473,0.0,-0.011931993998587132,0.007334847468882799,-0.0018362852279096842,-0.0018311383901163936,0.0,0.002750567626208067,-0.00459457328543067,0.0018362852279096842,-0.008256849832832813,0.002766008023172617,0.14062796533107758,-0.49521225690841675,-0.0027380583342164755,0.004551088437438011,0.0011289319954812527,0.01566477306187153,-0.0018283826066181064,0.018433090299367905,0.20454929769039154,-0.02170545607805252,0.10270664095878601,-0.005531845148652792,-0.007417512591928244,-0.001776225632056594,0.021217593923211098,-0.018482206389307976,-0.0018567462684586644,0.0018188545946031809,0.0018425368471071124,-0.005513401702046394,-0.007422249298542738,-0.00372446421533823,-0.00664681289345026,-0.004635747522115707,-0.005501922219991684,0.0009203284280374646,-0.036380983889102936,-0.009083259850740433,-0.0063391574658453465,0.0,-0.004538638982921839,-0.0018183006905019283,-0.00724943820387125,-0.0009084059274755418,0.010339112021028996,0.0036075320094823837,0.0018028956837952137,0.004511590581387281,-0.011740577407181263,-0.013541733846068382,0.000897096935659647,-0.0018081170273944736,8.702018021722324e-06,-0.005412168335169554,-0.010838259011507034,-0.0063162269070744514,-0.013539992272853851,-0.0036144936457276344,0.0,-0.0008988372283056378,-0.0036179744638502598,-0.005415649153292179,-0.007232468109577894,0.03398184850811958,-0.020998695865273476,0.0065811811946332455,-0.014701479114592075,-0.00827466044574976,0.0037000859156250954,-0.01565934158861637,-0.01199175976216793,-0.0406516008079052,0.7862774729728699,0.11631248146295547,0.30607232451438904,0.30287426710128784,0.20084068179130554,-0.01100250706076622,0.006414793897420168,0.0018256721086800098,-0.0027458439581096172,-0.019207214936614037,-0.002746822079643607,-0.010973595082759857,-0.0036572127137333155,-0.006403056439012289,-0.0018286063568666577,-0.011889854446053505,0.08603644371032715,-0.1298067718744278,2.329061999262194e-06,-0.01185328233987093,0.0018263885285705328,0.0018197543686255813,0.0054741897620260715,9.9512908491306e-06,0.007293944712728262,-0.005477507133036852,-0.0009115356951951981,0.0036428256426006556,-0.01003186870366335,0.00911535695195198,-1.8244034436065704e-05,0.0018131203250959516,0.002737924223765731,0.0027462171856313944,-0.005479165352880955,-0.004565971437841654
waist_yaw_dq,-0.03428325429558754,0.0,-0.01714162714779377,-0.01714162714779377,-0.0051424880512058735,-0.0017141626449301839,0.0051424880512058735,-0.0017141626449301839,-0.0034283252898603678,-0.023998279124498367,0.0,-0.023998279124498367,0.0051424880512058735,-0.01714162714779377,-0.0034283252898603678,0.0034283252898603678,-0.0051424880512058735,0.018855789676308632,0.010284976102411747,0.0,-0.0034283252898603678,0.011999139562249184,-0.008570813573896885,-0.0034283252898603678,-0.0051424880512058735,-0.0017141626449301839,0.0017141626449301839,-0.018855789676308632,-0.022284114733338356,-0.0068566505797207355,-0.0017141626449301839,-0.008570813573896885,0.010284976102411747,-0.0034283252898603678,0.008570813573896885,0.013713301159441471,-0.018855789676308632,0.0034283252898603678,-0.013713301159441471,0.011999139562249184,-0.013713301159441471,-0.0051424880512058735,0.0,-0.018855789676308632,0.0051424880512058735,0.020569952204823494,0.08742229640483856,-0.06685234606266022,-0.09770727157592773,0.020569952204823494,0.030854931101202965,0.0034283252898603678,0.0017141626449301839,0.01714162714779377,-0.3068351149559021,0.10970640927553177,-0.0051424880512058735,0.03428325429558754,-0.0034283252898603678,0.011999139562249184,0.01714162714779377,0.011999139562249184,0.0017141626449301839,-0.02571243979036808,-0.010284976102411747,-0.0017141626449301839,0.022284114733338356,-0.039425741881132126,-0.010284976102411747,-0.0051424880512058735,-0.008570813573896885,-0.07885148376226425,-0.037711579352617264,-0.037711579352617264,0.015427465550601482,-0.0051424880512058735,-0.0051424880512058735,0.09599311649799347,-0.022284114733338356,0.0,-0.0034283252898603678,-0.008570813573896885,0.0,-0.013713301159441471,-0.0068566505797207355,-0.015427465550601482,0.008570813573896885,0.0,-0.0068566505797207355,-0.0051424880512058735,-0.022284114733338356,0.0017141626449301839,0.0034283252898603678,-0.0068566505797207355,-0.011999139562249184,-0.008570813573896885,0.0051424880512058735,-0.0034283252898603678,0.0,-0.015427465550601482,0.0051424880512058735,0.0,0.013713301159441471,-0.013713301159441471,-0.0068566505797207355,0.010284976102411747,0.015427465550601482,0.0,-0.06856650859117508,-0.07885148376226425,-0.3428325355052948,0.0017141626449301839,0.11999139189720154,-0.4559672772884369,0.0034283252898603678,0.011999139562249184,-0.03256909176707268,0.0,-0.0017141626449301839,-0.0017141626449301839,-0.0034283252898603678,-0.0034283252898603678,0.0034283252898603678,-0.01714162714779377,0.2022712081670761,-0.05999569594860077,-0.023998279124498367,-0.0051424880512058735,-0.013713301159441471,0.018855789676308632,-0.0051424880512058735,0.015427465550601482,-0.030854931101202965,-0.022284114733338356,-0.020569952204823494,0.010284976102411747,0.0034283252898603678,0.0,-0.0068566505797207355,0.0034283252898603678,-0.008570813573896885,0.0,-0.011999139562249184,0.0017141626449301839
waist_roll_dq,0.005773276090621948,-0.005779503379017115,-0.01731177791953087,-0.00577611243352294,0.0009735205676406622,-0.005802650935947895,-0.0019539615605026484,-0.0048935916274785995,-0.0038961234968155622,-0.003907842095941305,0.012689744122326374,-0.0068397000432014465,-0.013663776218891144,0.0,0.003898076945915818,-0.000983796431683004,0.0009701247327029705,-0.010737776756286621,-0.01661321148276329,-0.007819590158760548,-0.005861762911081314,0.0,-0.002931858180090785,0.000979539705440402,-0.0009714774787425995,-0.006789592560380697,-0.003867098595947027,-0.011636230163276196,-0.0038751603569835424,0.0,-0.0038751603569835424,-0.0038751603569835424,-0.0009714774787425995,0.0038724730256944895,-0.014564099721610546,-2.687385631361394e-06,-0.0038751603569835424,-0.005826177541166544,0.007755695376545191,-0.003869785461574793,0.003885909914970398,0.003885909914970398,-0.0009714774787425995,-0.007755695376545191,0.0,0.0029117451049387455,-0.6232503652572632,0.6684775948524475,-0.0048322961665689945,-0.009695112705230713,0.004124147817492485,-0.008797508664429188,0.0019274947699159384,0.2236301600933075,-0.47923991084098816,0.1799488365650177,-0.017531607300043106,-0.0029248432256281376,-0.025321917608380318,-0.013646544888615608,0.0009739762754179537,-0.0029243272729218006,-0.0019445689395070076,-0.048740409314632416,-2.740727268246701e-06,-0.002919579856097698,-0.01558427233248949,-0.006803311873227358,0.02145504578948021,-0.016240153461694717,0.021298781037330627,0.017214734107255936,0.007263642270117998,0.06054185703396797,0.0009506907081231475,0.001902145566418767,0.003805819433182478,0.006656363140791655,-0.0009568039677105844,-0.02093048021197319,0.0009476339910179377,-0.05250841751694679,0.020973986014723778,-0.015446024015545845,-0.0019268244504928589,-0.015362049452960491,0.0019089794950559735,-0.007687468081712723,4.957383225701051e-06,0.006705429870635271,0.0019175433553755283,-0.012458033859729767,0.0038299739826470613,0.0019182047108188272,-0.0009591023554094136,0.0038325481582432985,-0.0086177634075284,-0.0019182047108188272,-0.010550126433372498,-0.05704715847969055,-0.022320840507745743,0.006766457110643387,-3.5445132198219653e-06,-0.01165179442614317,-0.008749941363930702,-0.002918872283771634,-0.007772423326969147,0.02621549367904663,-0.343166708946228,-0.042059365659952164,0.06942394375801086,0.33302488923072815,-0.24572151899337769,0.046815842390060425,-0.0038718029391020536,-0.0009708802681416273,-0.0009825985180214047,0.004836823791265488,-0.013565958477556705,-0.000988457933999598,-0.005825281608849764,-0.0009708802681416273,0.0,0.007752394303679466,0.27156996726989746,0.01160457357764244,-0.03877094015479088,0.010663841851055622,-0.004828313831239939,-2.0775923985638656e-05,-0.0058189076371490955,-0.009664937853813171,-0.004832468926906586,-0.00484077911823988,0.0019396358402445912,-0.0009864387102425098,-0.006747174076735973,-0.004836624022573233,-0.012566081248223782,-0.013552519492805004,-0.006759639363735914,0.0019354806281626225,-0.004828313831239939,-0.009664937853813171
waist_pitch_dq,0.004832642152905464,-0.010873185470700264,0.0023858898784965277,0.0036233915016055107,0.004408582579344511,0.002415550174191594,-0.004964147228747606,-0.0056076208129525185,0.007470188196748495,-2.4898411083995597e-06,-0.006841862574219704,-0.0006270804442465305,0.008709410205483437,0.0,-0.006224741693586111,-0.0043596844188869,-0.004358439706265926,0.005597661715000868,-0.003124198177829385,-0.0024958723224699497,-3.734761548912502e-06,0.0,-0.000624590553343296,0.004362341016530991,-0.0006315677310340106,0.0005533901276066899,0.006178866606205702,0.002369915833696723,0.002448093378916383,0.0,0.002448093378916383,0.002448093378916383,-0.0006315677310340106,-0.003691684454679489,-0.00574274268001318,-0.0012435910757631063,0.002448093378916383,-0.0025458154268562794,-0.0024090043734759092,0.004935275297611952,0.0025262709241360426,0.0025262709241360426,-0.0006315677310340106,0.0024090043734759092,0.0,0.0006511121755465865,0.1344495564699173,-0.20006605982780457,0.001790406065993011,-0.0050362818874418736,-0.024865461513400078,-0.0031199734658002853,0.001242343452759087,-0.09549706429243088,-0.3297957181930542,-0.01932721585035324,-0.010219087824225426,-0.010810179635882378,0.0024300410877913237,-0.0319538451731205,-0.0006335664074867964,-0.0070365495048463345,0.005062251351773739,-0.12208575755357742,-0.010213998146355152,0.006996522657573223,-0.0013882470084354281,0.009435698390007019,0.03756663575768471,0.05124061182141304,0.0778178721666336,0.01080823503434658,0.0899127870798111,-0.11177566647529602,-0.000583826971706003,3.500819730106741e-06,0.00234931125305593,-0.0017444794066250324,-0.008785411715507507,-0.010578902438282967,-0.005268446169793606,-0.020890016108751297,-0.02957613207399845,-0.061115559190511703,-0.003603816032409668,-0.001268309890292585,-0.00718595739454031,-0.004831009544432163,0.002396063646301627,-0.006553057115525007,7.121419002942275e-06,0.0017512812046334147,-0.003569282591342926,0.0011998700210824609,-0.0005999350105412304,-0.0011816734913736582,0.007732435129582882,-0.0011998700210824609,-0.006599285174161196,-0.15181373059749603,-0.08025155961513519,-0.03797275573015213,-0.004996331874281168,0.007451155222952366,-0.006920106243342161,-0.005644646473228931,-3.556006049620919e-05,0.004449291154742241,0.11716897785663605,-0.24540892243385315,-0.1467750370502472,0.5980245471000671,-0.10968859493732452,0.009974982589483261,0.0024369782768189907,-0.0006296834326349199,-0.005585395265370607,-0.004285150673240423,0.0023347840178757906,-0.00806325115263462,-0.0037781004793941975,-0.0006296834326349199,0.0,-0.0011571726063266397,0.05592905730009079,-0.0023132828064262867,-0.021339168772101402,0.005679823458194733,0.0030165868811309338,-0.006158157251775265,-0.0037698843516409397,0.003569911001250148,0.001784955500625074,-0.0006783074350096285,0.0012566281948238611,-0.0055548399686813354,0.007918115705251694,0.0005533239454962313,0.004148231819272041,-0.0014066084986552596,0.00422322191298008,2.4996699721668847e-05,0.0030165868811309338,0.003569911001250148
left_shoulder_pitch_dq,-0.006135923322290182,-0.0015339808305725455,-0.012271846644580364,0.0015339808305725455,-0.004601942375302315,0.003067961661145091,-0.0015339808305725455,-0.015339808538556099,0.0015339808305725455,-0.004601942375302315,-0.019941750913858414,-0.013805828057229519,0.003067961661145091,0.0,-0.012271846644580364,0.004601942375302315,-0.01840776950120926,0.0,0.004601942375302315,-0.003067961661145091,0.003067961661145091,0.0,0.0,0.019941750913858414,0.003067961661145091,0.003067961661145091,0.0015339808305725455,-0.003067961661145091,0.0,-0.0015339808305725455,0.0,-0.006135923322290182,-0.0015339808305725455,0.0,-0.006135923322290182,-0.013805828057229519,-0.0015339808305725455,-0.006135923322290182,-0.013805828057229519,-0.013805828057229519,0.0,-0.013805828057229519,0.003067961661145091,-0.0076699042692780495,-0.0076699042692780495,0.0,0.44025251269340515,-0.04295146465301514,-0.16720391809940338,-0.015339808538556099,-0.010737866163253784,0.003067961661145091,0.0015339808305725455,0.19481556117534637,0.3298058807849884,0.2178252786397934,0.21015538275241852,0.2377670258283615,0.2623107135295868,0.23316508531570435,0.2761165499687195,0.23316508531570435,0.0076699042692780495,-0.061359234154224396,-0.42951464653015137,-0.42337870597839355,-0.4463884234428406,-0.3804272413253784,-0.4080389142036438,-0.4218447208404541,-0.43411657214164734,-0.39730104804039,-0.3497476279735565,-0.21475732326507568,-0.003067961661145091,0.003067961661145091,0.013805828057229519,0.0015339808305725455,-0.00920388475060463,0.26691266894340515,0.42031076550483704,0.3436117172241211,0.38656318187713623,0.07363107800483704,0.015339808538556099,-0.22549518942832947,-0.22702915966510773,-0.2208932489156723,-0.2899223864078522,-0.25310683250427246,-0.19481556117534637,-0.0782330259680748,-0.010737866163253784,-0.00920388475060463,-0.015339808538556099,-0.013805828057229519,-0.006135923322290182,-0.0076699042692780495,1.043107032775879,0.990951657295227,0.9188545346260071,1.0216312408447266,-0.0076699042692780495,-0.4310486316680908,-0.5016117095947266,-0.5077476501464844,-0.5000777840614319,-0.4801360070705414,-0.012271846644580364,-0.02454369328916073,-0.13805827498435974,0.06902913749217987,-0.11965050548315048,0.0,-0.029145635664463043,-0.003067961661145091,-0.012271846644580364,-0.004601942375302315,-0.003067961661145091,-0.0015339808305725455,-0.004601942375302315,0.0,-0.004601942375302315,0.0,0.09357283264398575,0.08283496648073196,-0.1457281857728958,-0.00920388475060463,-0.004601942375302315,0.0,-0.012271846644580364,-0.003067961661145091,0.0015339808305725455,-0.0076699042692780495,-0.003067961661145091,0.004601942375302315,0.003067961661145091,-0.003067961661145091,0.0,-0.010737866163253784,0.0015339808305725455,-0.003067961661145091,0.0015339808305725455,-0.006135923322290182
left_shoulder_roll_dq,0.0,-0.0015339808305725455,-0.013805828057229519,0.0,0.003067961661145091,-0.0076699042692780495,-0.012271846644580364,-0.006135923322290182,0.003067961661145091,0.0,0.0,0.0,0.0015339808305725455,0.0,0.003067961661145091,-0.004601942375302315,0.004601942375302315,0.0015339808305725455,0.003067961661145091,-0.003067961661145091,-0.013805828057229519,0.0,-0.004601942375302315,-0.0015339808305725455,-0.0015339808305725455,0.0015339808305725455,0.0,0.0,-0.006135923322290182,0.006135923322290182,-0.003067961661145091,-0.006135923322290182,-0.004601942375302315,0.0,-0.003067961661145091,0.006135923322290182,0.0,0.004601942375302315,-0.0015339808305725455,0.003067961661145091,0.003067961661145091,0.0015339808305725455,0.0015339808305725455,-0.003067961661145091,-0.006135923322290182,0.0076699042692780495,-0.08590292930603027,-0.11965050548315048,0.0015339808305725455,0.0,-0.004601942375302315,-0.010737866163253784,-0.003067961661145091,-0.13345633447170258,0.003067961661145091,-0.09050486981868744,-0.013805828057229519,-0.019941750913858414,-0.03834952041506767,-0.02454369328916073,0.0,-0.012271846644580364,-0.0015339808305725455,-0.03374757990241051,-0.016873789951205254,-0.019941750913858414,0.0015339808305725455,-0.015339808538556099,0.003067961661145091,-0.019941750913858414,0.0,-0.010737866163253784,-0.006135923322290182,-0.15800002217292786,-0.00920388475060463,-0.004601942375302315,-0.02147573232650757,-0.1089126393198967,-0.03374757990241051,-0.04601942375302315,-0.11044662445783615,-0.1089126393198967,-0.15033012628555298,-0.006135923322290182,-0.006135923322290182,-0.003067961661145091,-0.0015339808305725455,0.08283496648073196,0.0644271969795227,0.061359234154224396,0.0475534051656723,0.012271846644580364,0.0076699042692780495,0.006135923322290182,0.0015339808305725455,0.019941750913858414,-0.004601942375302315,-0.0076699042692780495,-0.012271846644580364,-0.003067961661145091,-0.006135923322290182,0.0015339808305725455,0.01840776950120926,0.013805828057229519,0.023009711876511574,0.06749515980482101,0.029145635664463043,0.02147573232650757,-0.1365242898464203,-0.33133986592292786,-0.4111068546772003,0.22702915966510773,0.16413594782352448,-0.1288543939590454,-0.0015339808305725455,0.0,0.00920388475060463,-0.0015339808305725455,0.0,0.003067961661145091,-0.0076699042692780495,-0.004601942375302315,-0.004601942375302315,0.0,0.004601942375302315,0.003067961661145091,-0.010737866163253784,0.0076699042692780495,0.0,-0.006135923322290182,0.003067961661145091,-0.0015339808305725455,0.0,0.0076699042692780495,0.0,-0.0015339808305725455,-0.0076699042692780495,0.0015339808305725455,0.0015339808305725455,0.0015339808305725455,0.0,0.0015339808305725455,-0.0015339808305725455,0.0076699042692780495
left_shoulder_yaw_dq,0.015339808538556099,0.006135923322290182,-0.006135923322290182,0.010737866163253784,0.015339808538556099,0.003067961661145091,-0.003067961661145091,0.0076699042692780495,0.0,-0.012271846644580364,0.006135923322290182,0.004601942375302315,0.0,0.0076699042692780495,0.015339808538556099,-0.004601942375302315,-0.003067961661145091,-0.003067961661145091,0.003067961661145091,-0.004601942375302315,0.0,0.0,0.004601942375302315,0.004601942375302315,-0.0015339808305725455,0.006135923322290182,0.0015339808305725455,-0.003067961661145091,0.0,0.0076699042692780495,0.0,0.004601942375302315,0.004601942375302315,0.0076699042692780495,0.012271846644580364,0.00920388475060463,0.0015339808305725455,0.00920388475060463,-0.003067961661145091,0.010737866163253784,0.0,0.006135923322290182,-0.003067961661145091,0.0,-0.0015339808305725455,0.0076699042692780495,0.2791845202445984,-0.2653786838054657,0.006135923322290182,-0.0015339808305725455,0.004601942375302315,-0.006135923322290182,-0.006135923322290182,-0.00920388475060463,-0.03374757990241051,0.0076699042692780495,0.012271846644580364,0.055223312228918076,0.026077674701809883,0.019941750913858414,0.010737866163253784,0.03374757990241051,0.04141748324036598,-0.023009711876511574,0.006135923322290182,0.003067961661145091,-0.003067961661145091,0.006135923322290182,0.0,0.0,-0.02147573232650757,0.0,-0.00920388475060463,-0.14112624526023865,-0.006135923322290182,-0.004601942375302315,-0.02454369328916073,-0.05062136799097061,0.0,-0.012271846644580364,-0.06596117466688156,-0.06902913749217987,-0.10431069880723953,-0.030679617077112198,0.003067961661145091,0.07669904083013535,0.05062136799097061,0.08130098134279251,0.03528156131505966,0.02147573232650757,0.061359234154224396,0.012271846644580364,0.006135923322290182,0.013805828057229519,0.004601942375302315,0.023009711876511574,0.0076699042692780495,-0.0076699042692780495,0.015339808538556099,0.0475534051656723,0.0076699042692780495,0.012271846644580364,0.004601942375302315,-0.019941750913858414,-0.12732040882110596,-0.11504856497049332,-0.08897089213132858,-0.08283496648073196,-0.05062136799097061,-0.12271846830844879,-0.09050486981868744,0.04141748324036598,-0.04295146465301514,-0.003067961661145091,-0.010737866163253784,0.003067961661145091,0.00920388475060463,0.003067961661145091,0.0,0.004601942375302315,-0.006135923322290182,0.00920388475060463,0.0076699042692780495,-0.0015339808305725455,0.05675728991627693,0.030679617077112198,-0.004601942375302315,0.006135923322290182,-0.006135923322290182,0.006135923322290182,-0.0015339808305725455,0.003067961661145091,0.004601942375302315,0.010737866163253784,-0.012271846644580364,-0.003067961661145091,0.003067961661145091,0.006135923322290182,-0.0015339808305725455,0.0076699042692780495,0.0,0.004601942375302315,0.003067961661145091,0.004601942375302315
left_elbow_dq,-0.012271846644580364,-0.0015339808305725455,-0.012271846644580364,0.0,-0.0015339808305725455,-0.012271846644580364,-0.00920388475060463,0.0015339808305725455,-0.019941750913858414,-0.023009711876511574,0.006135923322290182,-0.00920388475060463,-0.019941750913858414,-0.010737866163253784,0.0015339808305725455,-0.006135923322290182,0.003067961661145091,0.006135923322290182,0.004601942375302315,0.0,-0.015339808538556099,-0.012271846644580364,0.0015339808305725455,0.004601942375302315,-0.02147573232650757,0.0,-0.006135923322290182,-0.012271846644580364,0.0015339808305725455,-0.010737866163253784,-0.010737866163253784,-0.0076699042692780495,-0.0015339808305725455,0.0,-0.0015339808305725455,-0.013805828057229519,0.0,-0.006135923322290182,-0.0076699042692780495,-0.019941750913858414,-0.004601942375302315,-0.01840776950120926,-0.006135923322290182,-0.015339808538556099,-0.003067961661145091,-0.016873789951205254,-0.013805828057229519,-0.15186411142349243,-0.010737866163253784,-0.0076699042692780495,0.0,-0.015339808538556099,-0.012271846644580364,-0.5062136650085449,-0.13192234933376312,-0.34207773208618164,-0.3298058807849884,-0.3773593008518219,-0.45405831933021545,-0.3773593008518219,-0.36508744955062866,-0.33440783619880676,-0.023009711876511574,0.13038837909698486,0.2899223864078522,0.22702915966510773,0.30526217818260193,0.30372822284698486,0.22856314480304718,0.2929903566837311,0.2316311150789261,0.2899223864078522,0.2592427730560303,-0.05368933081626892,-0.003067961661145091,-0.004601942375302315,0.006135923322290182,-0.03988350182771683,-0.03374757990241051,-0.3666214346885681,-0.5553010702133179,-0.5230874419212341,-0.5184855461120605,-0.1902136206626892,-0.003067961661145091,0.2592427730560303,0.31139811873435974,0.33900976181030273,0.30833014845848083,0.28378644585609436,0.25310683250427246,0.08590292930603027,0.0,0.01840776950120926,0.023009711876511574,0.012271846644580364,0.004601942375302315,0.004601942375302315,-0.5154175758361816,-0.6519418358802795,-0.6273981928825378,-0.6166602969169617,-0.01840776950120926,0.5537670850753784,0.6335340738296509,0.7225049734115601,0.676485538482666,0.6672816872596741,0.02454369328916073,0.006135923322290182,-0.03221359848976135,-0.08436894416809082,0.15033012628555298,0.0,-0.019941750913858414,0.00920388475060463,-0.006135923322290182,-0.013805828057229519,0.012271846644580364,0.0,0.003067961661145091,0.010737866163253784,-0.010737866163253784,0.004601942375302315,0.03834952041506767,0.013805828057229519,-0.003067961661145091,-0.00920388475060463,0.00920388475060463,-0.01840776950120926,0.004601942375302315,-0.01840776950120926,0.0,-0.013805828057229519,-0.003067961661145091,-0.003067961661145091,0.0076699042692780495,0.0015339808305725455,0.003067961661145091,0.003067961661145091,-0.0015339808305725455,-0.0015339808305725455,-0.004601942375302315,0.00920388475060463
left_wrist_roll_dq,0.0,-0.003067961661145091,-0.004601942375302315,-0.00920388475060463,-0.0076699042692780495,-0.0015339808305725455,-0.00920388475060463,-0.013805828057229519,-0.004601942375302315,-0.004601942375302315,-0.0015339808305725455,0.0,-0.0076699042692780495,-0.0015339808305725455,-0.003067961661145091,-0.01840776950120926,0.003067961661145091,-0.004601942375302315,0.0,0.0,0.003067961661145091,0.0,-0.004601942375302315,0.004601942375302315,-0.004601942375302315,-0.012271846644580364,-0.0076699042692780495,-0.010737866163253784,0.0015339808305725455,0.0,0.016873789951205254,-0.00920388475060463,-0.00920388475060463,0.004601942375302315,0.0,-0.0076699042692780495,0.0,-0.004601942375302315,-0.00920388475060463,0.0015339808305725455,-0.0076699042692780495,-0.004601942375302315,0.0,-0.0015339808305725455,-0.019941750913858414,-0.00920388475060463,-0.04141748324036598,0.05368933081626892,0.0,0.0,-0.006135923322290182,-0.004601942375302315,0.0,-0.05368933081626892,-0.08283496648073196,-0.09357283264398575,-0.04295146465301514,-0.08436894416809082,-0.03681553900241852,-0.061359234154224396,-0.023009711876511574,-0.09970875829458237,-0.00920388475060463,0.0076699042692780495,0.0,-0.003067961661145091,-0.003067961661145091,-0.013805828057229519,-0.006135923322290182,-0.06289321184158325,0.004601942375302315,-0.003067961661145091,0.0,-0.026077674701809883,-0.012271846644580364,-0.004601942375302315,-0.0015339808305725455,-0.016873789951205254,-0.0015339808305725455,0.004601942375302315,0.012271846644580364,0.03528156131505966,0.010737866163253784,0.016873789951205254,-0.01840776950120926,0.0,0.0,-0.015339808538556099,-0.0015339808305725455,-0.010737866163253784,-0.02147573232650757,-0.012271846644580364,0.0,0.003067961661145091,0.02147573232650757,-0.0076699042692780495,0.013805828057229519,0.0,0.015339808538556099,0.0,0.006135923322290182,0.003067961661145091,0.0015339808305725455,0.06289321184158325,0.11198060214519501,0.09050486981868744,0.09970875829458237,0.11198060214519501,0.01840776950120926,0.0,-0.06596117466688156,-0.015339808538556099,0.030679617077112198,0.0,-0.004601942375302315,0.0,-0.006135923322290182,-0.0076699042692780495,0.0076699042692780495,-0.006135923322290182,-0.003067961661145091,-0.00920388475060463,0.004601942375302315,-0.0076699042692780495,0.03221359848976135,-0.01840776950120926,0.012271846644580364,-0.003067961661145091,0.004601942375302315,-0.0076699042692780495,0.0015339808305725455,0.0,0.0,-0.0015339808305725455,0.0015339808305725455,-0.00920388475060463,0.0,-0.0076699042692780495,-0.004601942375302315,-0.004601942375302315,0.0015339808305725455,0.003067961661145091,-0.006135923322290182,-0.00920388475060463
left_wrist_pitch_dq,0.0,0.0,0.0,0.006135923322290182,0.006135923322290182,0.0,0.0,0.0,0.0,0.0,0.0,0.0,0.0,-0.012271846644580364,0.0,-0.006135923322290182,-0.012271846644580364,0.0,0.0,0.0,-0.012271846644580364,-0.006135923322290182,0.0,-0.01840776950120926,-0.006135923322290182,0.0,-0.006135923322290182,0.006135923322290182,-0.006135923322290182,0.006135923322290182,0.006135923322290182,0.0,-0.01840776950120926,0.02454369328916073,-0.006135923322290182,0.0,0.0,0.006135923322290182,-0.006135923322290182,0.02454369328916073,-0.006135923322290182,-0.006135923322290182,-0.03681553900241852,-0.006135923322290182,-0.006135923322290182,0.0,0.03681553900241852,-0.1595340073108673,0.012271846644580364,0.006135923322290182,0.012271846644580364,-0.006135923322290182,0.012271846644580364,-0.07363107800483704,-0.03681553900241852,-0.20248547196388245,-0.14726215600967407,-0.02454369328916073,-0.0920388475060463,-0.16566993296146393,-0.14112624526023865,-0.17794178426265717,-0.02454369328916073,0.012271846644580364,0.13499031960964203,0.19634954631328583,0.19634954631328583,0.11044662445783615,0.13499031960964203,0.23316508531570435,0.19634954631328583,0.14112624526023865,0.20248547196388245,0.006135923322290182,-0.012271846644580364,0.0,0.0,-0.012271846644580364,0.0,-0.07363107800483704,-0.11044662445783615,-0.1902136206626892,-0.11658254265785217,-0.04295146465301514,-0.02454369328916073,0.07976700365543365,0.0920388475060463,0.08590292930603027,0.04295146465301514,0.09817477315664291,0.07363107800483704,0.03681553900241852,0.0,0.006135923322290182,0.01840776950120926,0.0,0.006135923322290182,-0.012271846644580364,-0.36201947927474976,-0.49087387323379517,-0.5706408619880676,-0.4417864978313446,-0.02454369328916073,0.11044662445783615,0.24543693661689758,0.29452431201934814,0.2883884012699127,0.251572847366333,0.030679617077112198,-0.01840776950120926,-0.06749515980482101,0.006135923322290182,0.006135923322290182,0.055223312228918076,0.006135923322290182,-0.006135923322290182,0.006135923322290182,0.006135923322290182,0.0,0.0,0.0,0.0,0.0,0.0,-0.006135923322290182,0.04295146465301514,-0.006135923322290182,-0.006135923322290182,0.0,0.012271846644580364,0.0,0.02454369328916073,0.0,0.012271846644580364,0.0,0.0,0.0,0.01840776950120926,0.006135923322290182,-0.030679617077112198,0.01840776950120926,-0.006135923322290182,0.0,0.0
left_wrist_yaw_dq,-0.006135923322290182,0.0,-0.01840776950120926,-0.012271846644580364,0.0,0.0,0.006135923322290182,-0.01840776950120926,0.0,0.0,-0.012271846644580364,0.0,-0.006135923322290182,0.0,0.0,0.012271846644580364,0.012271846644580364,0.0,0.0,0.0,0.0,0.0,-0.006135923322290182,0.0,0.0,0.012271846644580364,0.012271846644580364,0.012271846644580364,0.0,-0.006135923322290182,-0.006135923322290182,-0.006135923322290182,0.0,0.006135923322290182,-0.006135923322290182,0.0,-0.006135923322290182,-0.006135923322290182,0.0,0.006135923322290182,0.006135923322290182,0.0,0.0,0.0,-0.006135923322290182,0.012271846644580364,-0.07363107800483704,-0.06749515980482101,-0.01840776950120926,0.0,-0.012271846644580364,0.0,0.012271846644580364,-0.012271846644580364,0.10431069880723953,0.04295146465301514,0.006135923322290182,0.030679617077112198,0.02454369328916073,0.0,0.030679617077112198,0.02454369328916073,0.04295146465301514,-0.030679617077112198,0.0,0.006135923322290182,-0.012271846644580364,-0.006135923322290182,0.0,-0.006135923322290182,-0.03681553900241852,-0.012271846644580364,0.0,-0.08590292930603027,0.0,-0.02454369328916073,0.02454369328916073,-0.01840776950120926,0.0,0.0,0.0,-0.02454369328916073,-0.012271846644580364,-0.01840776950120926,-0.006135923322290182,0.01840776950120926,0.061359234154224396,0.0,0.006135923322290182,-0.006135923322290182,0.0,0.0,0.012271846644580364,0.0,0.01840776950120926,0.02454369328916073,0.0,0.0,0.0,0.006135923322290182,0.04908738657832146,0.03681553900241852,0.0,-0.02454369328916073,-0.10431069880723953,-0.09817477315664291,-0.055223312228918076,-0.01840776950120926,-0.09817477315664291,-0.11044662445783615,-0.1288543939590454,0.061359234154224396,0.030679617077112198,-0.20862139761447906,0.006135923322290182,0.0,0.012271846644580364,0.0,0.0,-0.006135923322290182,0.0,0.0,0.0,0.0,0.0,0.006135923322290182,0.0,0.0,0.0,0.0,0.0,0.012271846644580364,0.012271846644580364,-0.012271846644580364,0.01840776950120926,0.0,0.0,0.0,-0.006135923322290182,0.0,-0.030679617077112198,0.012271846644580364,0.0,0.0
right_shoulder_pitch_dq,-0.010737866163253784,0.0,0.01840776950120926,0.004601942375302315,0.0,0.003067961661145091,0.004601942375302315,-0.0015339808305725455,0.015339808538556099,0.023009711876511574,0.0015339808305725455,0.0,0.012271846644580364,0.0076699042692780495,0.015339808538556099,-0.0076699042692780495,0.015339808538556099,-0.0015339808305725455,0.012271846644580364,0.012271846644580364,-0.004601942375302315,0.003067961661145091,0.0015339808305725455,-0.006135923322290182,0.003067961661145091,-0.006135923322290182,0.004601942375302315,0.003067961661145091,-0.0015339808305725455,0.015339808538556099,-0.006135923322290182,0.003067961661145091,-0.0015339808305725455,0.004601942375302315,0.006135923322290182,-0.004601942375302315,0.003067961661145091,0.0076699042692780495,0.003067961661145091,-0.0015339808305725455,0.0015339808305725455,0.004601942375302315,-0.0076699042692780495,0.006135923322290182,0.0015339808305725455,0.012271846644580364,-0.15186411142349243,0.13345633447170258,0.05368933081626892,-0.019941750913858414,-0.10737866163253784,-0.010737866163253784,0.015339808538556099,0.21322333812713623,0.4494563937187195,0.42031076550483704,0.2883884012699127,0.17947575449943542,0.24697092175483704,0.2684466540813446,0.34821364283561707,0.29759228229522705,0.02147573232650757,-0.08897089213132858,-0.4157088100910187,-0.4463884234428406,-0.4617282450199127,-0.38963112235069275,-0.40957289934158325,-0.4356505572795868,-0.34821364283561707,-0.3206019997596741,-0.40343695878982544,-0.22396120429039001,0.004601942375302315,0.0,0.004601942375302315,-0.09817477315664291,-0.027611656114459038,0.19788353145122528,0.5138835906982422,0.4555923044681549,0.37582531571388245,0.09970875829458237,0.015339808538556099,-0.2485048919916153,-0.30066025257110596,-0.24236898124217987,-0.21322333812713623,-0.26998063921928406,-0.24697092175483704,-0.06749515980482101,0.0,0.01840776950120926,0.006135923322290182,0.04141748324036598,-0.003067961661145091,0.012271846644580364,1.087592363357544,1.1106021404266357,0.8713011145591736,1.1704274415969849,0.004601942375302315,-0.40650492906570435,-0.43411657214164734,-0.4862719178199768,-0.5123496055603027,-0.4632622301578522,-0.027611656114459038,0.027611656114459038,0.0015339808305725455,-0.04448544606566429,0.006135923322290182,-0.2178252786397934,0.023009711876511574,0.019941750913858414,0.0015339808305725455,0.0,0.0015339808305725455,-0.0015339808305725455,0.0015339808305725455,0.0,-0.0076699042692780495,0.004601942375302315,0.0,0.03681553900241852,0.06289321184158325,-0.004601942375302315,0.004601942375302315,-0.003067961661145091,0.003067961661145091,0.015339808538556099,0.003067961661145091,-0.006135923322290182,0.003067961661145091,0.0015339808305725455,0.006135923322290182,-0.00920388475060463,0.006135923322290182,0.00920388475060463,-0.006135923322290182,0.003067961661145091,0.004601942375302315,-0.003067961661145091
right_shoulder_roll_dq,-0.004601942375302315,0.0015339808305725455,0.0,-0.015339808538556099,0.0,0.010737866163253784,-0.0015339808305725455,0.003067961661145091,-0.004601942375302315,0.0,0.003067961661145091,-0.0015339808305725455,0.0015339808305725455,0.003067961661145091,0.0076699042692780495,-0.012271846644580364,-0.0076699042692780495,0.012271846644580364,0.003067961661145091,-0.00920388475060463,0.012271846644580364,-0.0076699042692780495,-0.0015339808305725455,-0.004601942375302315,-0.012271846644580364,-0.00920388475060463,0.004601942375302315,-0.006135923322290182,0.0,-0.0015339808305725455,0.0,0.0,-0.023009711876511574,-0.012271846644580364,-0.006135923322290182,-0.006135923322290182,0.0,-0.013805828057229519,0.00920388475060463,-0.006135923322290182,0.003067961661145091,0.012271846644580364,-0.010737866163253784,-0.006135923322290182,0.010737866163253784,-0.015339808538556099,0.00920388475060463,-0.37275734543800354,0.015339808538556099,0.003067961661145091,0.0,0.010737866163253784,0.0015339808305725455,-0.06902913749217987,-0.01840776950120926,-0.016873789951205254,0.019941750913858414,-0.003067961661145091,0.006135923322290182,0.010737866163253784,0.010737866163253784,0.019941750913858414,-0.003067961661145091,-0.004601942375302315,0.03988350182771683,-0.00920388475060463,0.015339808538556099,0.016873789951205254,-0.004601942375302315,0.0076699042692780495,-0.004601942375302315,-0.013805828057229519,0.010737866163253784,0.19788353145122528,0.0015339808305725455,-0.019941750913858414,0.004601942375302315,0.26998063921928406,-0.003067961661145091,0.026077674701809883,0.01840776950120926,0.07516506314277649,-0.016873789951205254,-0.013805828057229519,-0.010737866163253784,0.016873789951205254,0.0,0.003067961661145091,-0.04601942375302315,-0.04295146465301514,-0.02147573232650757,-0.027611656114459038,0.003067961661145091,-0.003067961661145091,-0.02147573232650757,-0.030679617077112198,-0.003067961661145091,-0.00920388475060463,-0.052155349403619766,-0.029145635664463043,-0.004601942375302315,-0.10431069880723953,-0.012271846644580364,-0.019941750913858414,-0.0475534051656723,-0.05675728991627693,-0.03681553900241852,-0.027611656114459038,-0.2991262674331665,-0.17794178426265717,-0.24697092175483704,0.3021942377090454,-0.13192234933376312,-0.11658254265785217,0.0,-0.006135923322290182,-0.012271846644580364,-0.019941750913858414,0.0015339808305725455,-0.004601942375302315,-0.004601942375302315,0.0,-0.00920388475060463,0.0,0.003067961661145091,-0.006135923322290182,0.0,-0.006135923322290182,-0.004601942375302315,0.006135923322290182,0.00920388475060463,0.004601942375302315,-0.013805828057229519,-0.00920388475060463,-0.0076699042692780495,0.00920388475060463,-0.010737866163253784,-0.0076699042692780495,0.004601942375302315,-0.0015339808305725455,-0.012271846644580364,-0.016873789951205254,-0.00920388475060463,0.0
right_shoulder_yaw_dq,0.0076699042692780495,0.003067961661145091,0.003067961661145091,0.010737866163253784,0.004601942375302315,0.0,0.006135923322290182,0.0,0.0076699042692780495,-0.0015339808305725455,-0.004601942375302315,-0.00920388475060463,-0.00920388475060463,0.0,0.0076699042692780495,0.0,-0.003067961661145091,0.0015339808305725455,0.0015339808305725455,0.0,0.0,-0.006135923322290182,-0.00920388475060463,0.0,0.004601942375302315,-0.010737866163253784,0.0,-0.0076699042692780495,0.0015339808305725455,-0.0076699042692780495,0.0015339808305725455,0.0015339808305725455,0.012271846644580364,0.0,0.004601942375302315,0.004601942375302315,0.004601942375302315,0.0015339808305725455,0.0076699042692780495,0.003067961661145091,0.0,-0.0015339808305725455,0.003067961661145091,-0.0015339808305725455,0.010737866163253784,0.015339808538556099,-0.006135923322290182,-0.0015339808305725455,-0.006135923322290182,0.0076699042692780495,0.0,0.00920388475060463,-0.004601942375302315,-0.11965050548315048,-0.019941750913858414,-0.04908738657832146,-0.030679617077112198,-0.10124273598194122,0.0,-0.061359234154224396,-0.052155349403619766,-0.1089126393198967,-0.05675728991627693,0.016873789951205254,0.13805827498435974,0.019941750913858414,0.015339808538556099,0.030679617077112198,0.05368933081626892,0.004601942375302315,0.016873789951205254,-0.0015339808305725455,0.006135923322290182,0.18561168015003204,0.019941750913858414,-0.003067961661145091,0.013805828057229519,0.1733398288488388,0.003067961661145091,0.05675728991627693,0.09817477315664291,0.06902913749217987,0.14419420063495636,0.03988350182771683,0.026077674701809883,-0.019941750913858414,-0.05982525274157524,-0.052155349403619766,-0.05062136799097061,-0.06596117466688156,-0.03374757990241051,-0.030679617077112198,0.004601942375302315,0.0015339808305725455,0.0,-0.003067961661145091,-0.003067961661145091,0.0015339808305725455,-0.07669904083013535,-0.11504856497049332,-0.0920388475060463,-0.10431069880723953,-0.0076699042692780495,0.04141748324036598,0.11658254265785217,0.10431069880723953,0.13038837909698486,0.1257864236831665,-0.01840776950120926,-0.03221359848976135,-0.061359234154224396,0.15493206679821014,0.0,-0.0644271969795227,-0.0015339808305725455,0.00920388475060463,0.004601942375302315,0.0,-0.004601942375302315,0.0,0.02147573232650757,0.0076699042692780495,-0.0015339808305725455,0.0076699042692780495,-0.015339808538556099,0.010737866163253784,0.003067961661145091,0.0,0.006135923322290182,0.00920388475060463,0.0,-0.003067961661145091,0.0076699042692780495,0.0,0.003067961661145091,0.0076699042692780495,0.0076699042692780495,0.0,0.006135923322290182,0.0015339808305725455,0.003067961661145091,0.0,0.003067961661145091,0.006135923322290182
right_elbow_dq,0.0015339808305725455,-0.00920388475060463,0.004601942375302315,-0.0015339808305725455,0.004601942375302315,-0.004601942375302315,0.00920388475060463,0.015339808538556099,-0.0015339808305725455,0.015339808538556099,0.0,0.0015339808305725455,-0.0015339808305725455,0.0,0.003067961661145091,0.0,-0.0015339808305725455,-0.0015339808305725455,0.015339808538556099,0.003067961661145091,-0.003067961661145091,0.0015339808305725455,-0.006135923322290182,0.00920388475060463,0.0015339808305725455,0.0,-0.0015339808305725455,-0.003067961661145091,0.0015339808305725455,0.012271846644580364,0.0,0.012271846644580364,0.006135923322290182,0.006135923322290182,-0.0015339808305725455,0.013805828057229519,0.0076699042692780495,0.006135923322290182,0.010737866163253784,-0.003067961661145091,0.0,0.02454369328916073,0.006135923322290182,-0.0015339808305725455,0.0,-0.004601942375302315,-0.18100973963737488,0.13345633447170258,0.006135923322290182,0.0,-0.003067961661145091,0.0076699042692780495,0.003067961661145091,-0.34821364283561707,-0.5599030256271362,-0.29759228229522705,-0.30372822284698486,-0.2960582971572876,-0.40957289934158325,-0.424912691116333,-0.44025251269340515,-0.3436117172241211,-0.03834952041506767,0.18867965042591095,0.2899223864078522,0.29759228229522705,0.28685441613197327,0.34821364283561707,0.2070874124765396,0.3328738510608673,0.3374757766723633,0.23316508531570435,0.3129321038722992,-0.11658254265785217,0.0015339808305725455,-0.010737866163253784,0.006135923322290182,0.0475534051656723,0.04141748324036598,-0.3067961633205414,-0.6350680589675903,-0.598252534866333,-0.575242817401886,-0.19634954631328583,-0.003067961661145091,0.37889325618743896,0.3880971670150757,0.3497476279735565,0.35128161311149597,0.3466796576976776,0.33133986592292786,0.09970875829458237,0.004601942375302315,-0.019941750913858414,-0.04295146465301514,-0.05368933081626892,-0.004601942375302315,0.015339808538556099,-0.5691068768501282,-0.5951845645904541,-0.676485538482666,-0.6166602969169617,-0.006135923322290182,0.5706408619880676,0.6580777764320374,0.7071651816368103,0.6672816872596741,0.6488739252090454,0.01840776950120926,-0.00920388475060463,-0.08130098134279251,-0.05062136799097061,-0.06289321184158325,0.0,0.004601942375302315,0.003067961661145091,0.0,0.003067961661145091,0.0015339808305725455,0.0015339808305725455,0.0,0.006135923322290182,0.0,0.006135923322290182,-0.013805828057229519,0.012271846644580364,0.010737866163253784,0.010737866163253784,0.0015339808305725455,0.004601942375302315,-0.0015339808305725455,0.004601942375302315,0.0,0.00920388475060463,0.003067961661145091,0.00920388475060463,0.0,0.01840776950120926,0.0015339808305725455,0.004601942375302315,0.004601942375302315,0.0015339808305725455,0.0076699042692780495,0.004601942375302315
right_wrist_roll_dq,0.0,0.00920388475060463,-0.006135923322290182,-0.003067961661145091,0.004601942375302315,-0.006135923322290182,-0.0015339808305725455,-0.0076699042692780495,-0.004601942375302315,-0.0076699042692780495,0.0,0.0015339808305725455,-0.0015339808305725455,-0.015339808538556099,-0.003067961661145091,0.0,-0.0076699042692780495,-0.004601942375302315,0.003067961661145091,-0.00920388475060463,0.0,-0.00920388475060463,0.0,-0.0076699042692780495,0.006135923322290182,-0.003067961661145091,-0.0076699042692780495,-0.0076699042692780495,0.0015339808305725455,-0.003067961661145091,0.0,-0.006135923322290182,-0.004601942375302315,-0.00920388475060463,-0.015339808538556099,-0.0076699042692780495,-0.004601942375302315,0.004601942375302315,-0.00920388475060463,-0.010737866163253784,0.0015339808305725455,0.006135923322290182,0.0,0.003067961661145091,0.0,0.0015339808305725455,-0.003067961661145091,-0.05368933081626892,0.012271846644580364,0.0,0.010737866163253784,-0.003067961661145091,0.0,0.023009711876511574,0.0951068103313446,0.02147573232650757,0.02454369328916073,0.05675728991627693,0.0,0.026077674701809883,0.026077674701809883,0.07669904083013535,0.029145635664463043,-0.015339808538556099,-0.004601942375302315,0.023009711876511574,0.003067961661145091,0.026077674701809883,-0.004601942375302315,-0.0076699042692780495,-0.0076699042692780495,-0.006135923322290182,-0.004601942375302315,0.05368933081626892,-0.00920388475060463,0.0015339808305725455,-0.0076699042692780495,0.061359234154224396,0.004601942375302315,-0.003067961661145091,-0.0076699042692780495,-0.04601942375302315,-0.013805828057229519,-0.003067961661145091,-0.0015339808305725455,-0.004601942375302315,0.006135923322290182,0.004601942375302315,-0.0015339808305725455,0.013805828057229519,0.00920388475060463,0.015339808538556099,-0.010737866163253784,-0.003067961661145091,0.0,-0.003067961661145091,-0.003067961661145091,0.0015339808305725455,-0.0015339808305725455,-0.012271846644580364,0.0015339808305725455,0.0,-0.006135923322290182,-0.04601942375302315,-0.07363107800483704,-0.0644271969795227,-0.0920388475060463,-0.07516506314277649,-0.030679617077112198,-0.026077674701809883,0.02147573232650757,-0.07056312263011932,0.030679617077112198,-0.003067961661145091,0.003067961661145091,-0.0076699042692780495,-0.015339808538556099,0.010737866163253784,-0.00920388475060463,-0.004601942375302315,0.003067961661145091,-0.006135923322290182,0.0,0.012271846644580364,0.023009711876511574,-0.0015339808305725455,0.006135923322290182,-0.004601942375302315,-0.0076699042692780495,-0.00920388475060463,0.013805828057229519,-0.003067961661145091,0.0,-0.012271846644580364,-0.0076699042692780495,-0.0076699042692780495,0.003067961661145091,0.0076699042692780495,-0.004601942375302315,-0.006135923322290182,0.00920388475060463,-0.012271846644580364,-0.006135923322290182,-0.004601942375302315
right_wrist_pitch_dq,0.012271846644580364,0.006135923322290182,-0.006135923322290182,-0.006135923322290182,0.0,-0.012271846644580364,0.01840776950120926,0.006135923322290182,0.0,0.0,0.0,0.01840776950120926,0.0,0.006135923322290182,0.0,-0.006135923322290182,0.006135923322290182,0.0,0.0,0.012271846644580364,0.0,0.006135923322290182,-0.030679617077112198,0.02454369328916073,-0.012271846644580364,0.02454369328916073,-0.006135923322290182,0.0,0.02454369328916073,-0.012271846644580364,0.0,0.0,0.0,0.0,0.012271846644580364,0.0,0.0,0.0,0.012271846644580364,0.0,-0.006135923322290182,0.0,-0.006135923322290182,0.0,0.0,0.0,0.055223312228918076,0.2883884012699127,-0.006135923322290182,-0.02454369328916073,0.0,-0.012271846644580364,-0.006135923322290182,-0.16566993296146393,-0.1595340073108673,-0.006135923322290182,-0.11044662445783615,-0.0920388475060463,-0.03681553900241852,-0.0920388475060463,-0.06749515980482101,-0.23930101096630096,-0.03681553900241852,0.01840776950120926,0.22702915966510773,0.19634954631328583,0.24543693661689758,0.20248547196388245,0.1840776950120926,0.1902136206626892,0.16566993296146393,0.251572847366333,0.09817477315664291,-0.02454369328916073,-0.02454369328916073,0.006135923322290182,0.0,-0.006135923322290182,0.01840776950120926,-0.01840776950120926,-0.06749515980482101,-0.11658254265785217,-0.04908738657832146,-0.04295146465301514,0.006135923322290182,-0.006135923322290182,0.055223312228918076,0.04295146465301514,0.061359234154224396,0.055223312228918076,0.030679617077112198,0.02454369328916073,0.0,-0.012271846644580364,-0.012271846644580364,-0.012271846644580364,0.006135923322290182,-0.030679617077112198,-0.41724279522895813,-0.5399612784385681,-0.4356505572795868,-0.3497476279735565,-0.02454369328916073,0.16566993296146393,0.1533980816602707,0.2883884012699127,0.36201947927474976,0.3497476279735565,0.006135923322290182,-0.02454369328916073,-0.01840776950120926,-0.006135923322290182,-0.006135923322290182,0.0,0.0,-0.01840776950120926,0.006135923322290182,0.0,0.006135923322290182,0.0,0.006135923322290182,0.0,0.0,-0.01840776950120926,-0.006135923322290182,0.0,0.0,-0.006135923322290182,-0.012271846644580364,0.0,0.006135923322290182,0.006135923322290182,0.006135923322290182,-0.006135923322290182,0.0,0.0,0.0,0.0,0.0,0.01840776950120926,0.0,-0.01840776950120926,0.01840776950120926,-0.006135923322290182
right_wrist_yaw_dq,-0.006135923322290182,0.0,0.0,0.0,0.0,0.0,0.006135923322290182,0.0,0.01840776950120926,0.006135923322290182,-0.02454369328916073,0.0,0.0,-0.006135923322290182,-0.01840776950120926,0.01840776950120926,0.006135923322290182,-0.012271846644580364,0.0,-0.006135923322290182,0.006135923322290182,-0.01840776950120926,-0.03681553900241852,-0.012271846644580364,-0.006135923322290182,0.0,-0.006135923322290182,0.01840776950120926,0.012271846644580364,-0.02454369328916073,0.012271846644580364,0.012271846644580364,-0.012271846644580364,-0.012271846644580364,-0.012271846644580364,-0.02454369328916073,0.012271846644580364,0.0,0.0,-0.01840776950120926,0.0,0.006135923322290182,-0.01840776950120926,0.0,0.006135923322290182,-0.012271846644580364,0.04295146465301514,0.0920388475060463,-0.012271846644580364,-0.006135923322290182,0.0,0.030679617077112198,0.0,-0.09817477315664291,-0.04295146465301514,-0.11658254265785217,0.0,-0.03681553900241852,-0.02454369328916073,-0.012271846644580364,-0.04295146465301514,-0.01840776950120926,-0.02454369328916073,0.055223312228918076,0.030679617077112198,0.006135923322290182,0.030679617077112198,0.01840776950120926,0.012271846644580364,0.0,0.0,0.006135923322290182,0.0,0.0920388475060463,0.0,-0.006135923322290182,0.006135923322290182,0.14112624526023865,-0.02454369328916073,0.055223312228918076,0.07363107800483704,0.07363107800483704,0.09817477315664291,0.0,0.0,-0.04295146465301514,-0.01840776950120926,-0.055223312228918076,-0.030679617077112198,-0.04295146465301514,-0.04908738657832146,-0.01840776950120926,0.0,0.006135923322290182,0.0,0.006135923322290182,0.012271846644580364,0.0,-0.01840776950120926,-0.061359234154224396,-0.03681553900241852,-0.055223312228918076,-0.006135923322290182,0.055223312228918076,0.030679617077112198,0.012271846644580364,0.0920388475060463,0.1288543939590454,-0.030679617077112198,-0.030679617077112198,-0.030679617077112198,0.0,-0.02454369328916073,-0.006135923322290182,0.0,0.0,0.006135923322290182,0.0,0.01840776950120926,0.0,0.006135923322290182,0.012271846644580364,0.0,0.0,-0.006135923322290182,0.006135923322290182,0.006135923322290182,0.0,0.0,0.006135923322290182,-0.006135923322290182,0.0,0.012271846644580364,-0.012271846644580364,0.01840776950120926,0.01840776950120926,0.02454369328916073,-0.006135923322290182,0.0,0.012271846644580364,-0.012271846644580364,0.012271846644580364,0.012271846644580364,0.0
arm_sdk_enable_dq,0.0,0.0,0.0,0.0,0.0,0.0,0.0,0.0,0.0,0.0,0.0,0.0,0.0,0.0,0.0,0.0,0.0,0.0,0.0,0.0,0.0,0.0,0.0,0.0,0.0,0.0,0.0,0.0,0.0,0.0,0.0,0.0,0.0,0.0,0.0,0.0,0.0,0.0,0.0,0.0,0.0,0.0,0.0,0.0,0.0,0.0,0.0,0.0,0.0,0.0,0.0,0.0,0.0,0.0,0.0,0.0,0.0,0.0,0.0,0.0,0.0,0.0,0.0,0.0,0.0,0.0,0.0,0.0,0.0,0.0,0.0,0.0,0.0,0.0,0.0,0.0,0.0,0.0,0.0,0.0,0.0,0.0,0.0,0.0,0.0,0.0,0.0,0.0,0.0,0.0,0.0,0.0,0.0,0.0,0.0,0.0,0.0,0.0,0.0,0.0,0.0,0.0,0.0,0.0,0.0,0.0,0.0,0.0,0.0,0.0,0.0,0.0,0.0,0.0,0.0,0.0,0.0,0.0,0.0,0.0,0.0,0.0,0.0,0.0,0.0,0.0,0.0,0.0,0.0,0.0,0.0,0.0,0.0,0.0,0.0,0.0,0.0,0.0,0.0,0.0,0.0,0.0,0.0,0.0
left_fk_x,0.37427810547659435,0.3671471675829421,0.3683808359729913,0.366760083086302,0.039792448164478994,0.03887615360066333,0.03679407194268244,0.031101613604491735,0.031107721095374775,0.03111357068251719,0.031119176635847914,0.031098233755627168,0.031101622330806572,0.031113171356557744,0.03110727921540074,0.0311110177581929,0.031121458861068083,0.03110518036612124,0.031101828934122847,0.03111355647682503,0.03110374081983376,0.031113185543421414,0.031113355369774796,0.04194698876992265,0.04155377544385427,0.04156227860735945,0.04156349754304081,0.04155530728663599,0.04154192576699755,0.04155727640534429,0.04149927984616529,0.04153561450256698,0.04152627654906606,0.041532040192792836,0.04154157376381434,0.04153979474386943,0.041524391166120694,0.04154547729257636,0.041535840284872894,0.041537919250016195,0.04155577869795047,0.0415691652040546,0.04154603444059796,0.04156520093101463,0.041550911597521625,0.04154758840987488,0.03590640726554114,0.048360472841267495,0.02556341524630109,0.031060443943632565,0.02040935123542409,0.029635746941024232,0.0297049654122898,0.024762644254576326,0.028193348317761612,0.04609253883526185,0.03925337346823783,0.045766654554620846,0.04736964002269498,0.04971529560249219,0.05206568656193911,0.0547740493725088,0.056909524086478265,0.05691061588233258,0.06882102796974057,0.09689384803873671,0.1277881236689438,0.14940052331643106,0.19090102879874915,0.2313789745751532,0.2680691005507679,0.3097531887012669,0.3462525699251162,0.39478671247266606,0.39738058786711195,0.39746588472395306,0.3975102352869013,0.3983184167102462,0.3989025520591567,0.39612226076542995,0.36950151321057345,0.33232338188373567,0.3022061996841127,0.26474059674811035,0.26295161968421715,0.2730036618928312,0.3006588608451387,0.3246300779031057,0.3450448792633226,0.362055243920197,0.3810047641924603,0.39434009927993,0.39462448540358996,0.39590038767002433,0.39579141056341166,0.39592865346060996,0.3959340474652422,0.39584428309813124,0.37562127111413657,0.26708642565138485,0.16074619186032182,0.07723040313669838,0.05643493785574014,0.056380375794855296,0.054185009876674003,0.054217379180522385,0.051879029397335186,0.047097860902750116,0.0363612905471089,0.035200607930568555,0.03485839680067115,0.03942532487757964,0.032629087098485166,0.03210809350684842,0.03796441621194511,0.03895062268661976,0.038920923046770584,0.03890565159078337,0.03890980334287271,0.038919320856924476,0.038939218352321094,0.03893926376651573,0.03891908439602951,0.03893880702494912,0.03872978695011002,0.032224962972867234,0.030546670784982865,0.034494409784570065,0.033903550874227306,0.03391775567311554,0.03391641506065703,0.03391492214535288,0.03390922458272192,0.03391096124086876,0.03392615079558026,0.03391664379142058,0.033909438968371945,0.03391703268586813,0.03391288338108772,0.03392063941939413,0.03390906511887137,0.033909220419447994,0.033910971431848805,0.033909212091464205
left_fk_y,0.24501024551407635,0.24613461715001383,0.24535603369136627,0.24249523015752247,0.2481234130646297,0.27068458679308727,0.27035248463764633,0.26646373495797776,0.266465105048963,0.26646481266194216,0.26646295844815815,0.26646491127439215,0.2664531497692631,0.2664644721641888,0.2664644621829436,0.26646050931548304,0.2664624926660009,0.26646371698514193,0.2664650950274288,0.2664647117397889,0.26646468173636756,0.26646457293794706,0.26646345259010745,0.26573420836521305,0.26574380183179913,0.265755484688315,0.26575573357221866,0.26575055807438763,0.265756202690794,0.2657587353728044,0.2657599055598158,0.2657608247980338,0.2657589690895351,0.265763145532651,0.2657590791429022,0.2657622910005203,0.2657596983503213,0.26576120376265944,0.2657622844016671,0.26576321943013426,0.26576711593104385,0.26576186332487906,0.26575982114612634,0.2657616577142254,0.2657606359326542,0.2657619339582205,0.26686477039335416,0.2645403884428954,0.2680107445916385,0.2678773102914652,0.2681815703544206,0.26803311591442447,0.26803320690863497,0.2379922417698263,0.2434297523251549,0.2450299794112714,0.2487667678732972,0.24989800246985786,0.25563897681306186,0.25420050252745363,0.2552042150273818,0.24757271689484195,0.24057816085332703,0.2409941163653229,0.25129617346483984,0.2638424669946343,0.2681062699383453,0.26860010588641425,0.2660020509297115,0.258312901044116,0.24675034757663686,0.23142862550837595,0.21541146433478497,0.20110419166194068,0.1933837639443705,0.19254616926418433,0.1917833198965069,0.17697361294365432,0.17532026478933435,0.17316653962812142,0.1780105120964581,0.1782736525602884,0.17594881376402743,0.17464382557136537,0.17413092206037453,0.1737425192658917,0.17495606987033796,0.17615997971846714,0.177495652957514,0.17721074748663543,0.17624391793112526,0.17543202169050082,0.1753029736447232,0.1777163387628848,0.1805999679496845,0.18389824218531248,0.1899179544079508,0.19106533791326522,0.2024218684630745,0.24973130295348378,0.26956845975710403,0.25986356370039054,0.24211670880446823,0.24520545719731568,0.26174003611224556,0.25775834324819086,0.24643823876819826,0.23630925222900995,0.24016903984775886,0.23731724907454646,0.24349304093317972,0.23721900418162944,0.24690498620692686,0.2699232037029832,0.2647900864910111,0.26475016221015224,0.26475096356928196,0.2647461343032442,0.2647476141602067,0.26475359326696013,0.2647557757413507,0.26474538866474023,0.26474446491088144,0.2647579852454148,0.26478653462961116,0.26765754745623843,0.26795665272356783,0.26790070062944304,0.2678975936903317,0.26788699225051565,0.26789409242573187,0.267902430416427,0.26789857946316864,0.2678945702828677,0.26789857175707954,0.2678902709875699,0.26789231331551205,0.2679009269617495,0.2678889723550347,0.2678988376975243,0.26788980750897706,0.26789847478263046,0.26789691021796586,0.2678982652909088
left_fk_z,0.11742950296385925,0.1258339224810861,0.12438186225306068,0.13000817314163102,-0.21673832247903158,-0.2122204898944221,-0.21248268548529514,-0.21494743255824938,-0.21494667522958272,-0.21494642358914673,-0.2149466473202863,-0.21494792096360116,-0.2149503333217366,-0.21494553066800468,-0.21494587331435477,-0.21494604155663213,-0.21494621033434513,-0.2149465900939313,-0.21494701782016493,-0.21494645396576706,-0.2149466551361328,-0.21494550033537768,-0.2149468383281825,-0.2143621323150493,-0.21439220410168947,-0.21439011199020436,-0.2143886633403766,-0.21439008272860915,-0.2143898827661354,-0.21438841981741918,-0.2143936258491312,-0.21438923164332085,-0.2143910938668706,-0.2143895968815493,-0.21438920659600563,-0.21438884422526663,-0.2143914141416668,-0.21438871338480603,-0.21438879209327424,-0.2143891097732964,-0.21438653234496102,-0.2143866254548355,-0.21438889898663527,-0.21438662827370858,-0.2143874250393361,-0.2143879535117278,-0.21446366610500636,-0.21403124118321815,-0.21501665294801503,-0.21448346619165973,-0.21502305802643307,-0.21463697684084918,-0.2146334539809251,-0.2140373237634323,-0.19493600309275316,-0.16758315936081736,-0.14105994703778918,-0.10641104966378154,-0.06847975071950518,-0.02193426769253046,0.02682905963939048,0.07281114255152127,0.12890022326682718,0.12986342682334526,0.09967165219340426,0.059249141607079885,0.02900100997301885,0.01291705258944629,-0.008451777920133427,-0.02150064260547783,-0.028983388610100816,-0.029547483856661977,-0.024799087485168434,0.022000119732300268,0.02518533892520724,0.025152555595420165,0.025060833163070395,0.024644607530590876,0.02777148887706033,0.02884609066914992,0.04058148974638884,0.06976695401455564,0.09645967993748335,0.13464896629808676,0.13780639891372917,0.12734424323630308,0.10204282986011814,0.08086769183242382,0.06303836214870966,0.05011958608069908,0.035025239940959865,0.028108271707779436,0.026544059769164095,0.027114310560962668,0.02588669823701771,0.024886571214758103,0.025306481465597136,0.025271987473368528,0.010978858311059804,-0.020960038685363787,0.008687259901693136,0.0792119619924889,0.12993512872739035,0.1198543676723526,0.012175633528560548,-0.06934650430043979,-0.14957978680568623,-0.2029207890554753,-0.2197798337840213,-0.2207623186573004,-0.21952924997776818,-0.22020412185008253,-0.21896847241777725,-0.21391406745318386,-0.21485490513303795,-0.21479265215319981,-0.21479365955106866,-0.21479673537773422,-0.21479632866079681,-0.21479443820690422,-0.21479192303788958,-0.2147947251713172,-0.21479585123483802,-0.2147914404258437,-0.21480522796312956,-0.21427916847582268,-0.21450924672709504,-0.21424588696483093,-0.214286208207782,-0.21428566944004002,-0.2142850748283894,-0.2142831964117103,-0.21428453618508492,-0.2142862991010206,-0.21428254330560542,-0.21428609179078378,-0.21428729912783218,-0.21428415206422666,-0.2142873626134691,-0.21428379731760994,-0.21428810636251366,-0.2142845655441226,-0.21428458252949922,-0.21428462429765593
right_fk_x,0.38725384711548894,0.37014153901622643,0.3810308680367058,0.37930686604658626,0.039413605815490374,0.031129633486476627,0.026899173760613085,0.031090958586067686,0.03109808983522896,0.031090902650216325,0.031104105294476506,0.03109250757129483,0.031090982159850893,0.031092599778193425,0.031096886510771714,0.03109071036573107,0.031090834923006808,0.031096877819652917,0.03109672747420925,0.03109439774197981,0.031096484057009786,0.03109635169326982,0.031098504962735488,0.03050297191944175,0.031672725053886096,0.03167349560129523,0.03168448821165761,0.03168427415186445,0.03166326091682155,0.03167759141317925,0.03168232822902478,0.03167168208213465,0.03167548204469419,0.031663712032209815,0.031667293247738725,0.03167544291418038,0.031659986971951194,0.031663477119853393,0.03167463330906862,0.031672747768806415,0.031684453751847,0.031675395585660196,0.03168243286354429,0.031682305219227866,0.0316708046493272,0.03168259426883996,0.031339019423876145,0.036426364147847536,0.022813342117157853,0.027398317103070967,0.014678769476032192,0.02470196273410708,0.024739624466021744,0.024297857087635658,0.031549053329276905,0.03777149769156547,0.042694076883402,0.04641472096261725,0.047838715839948025,0.05084058781446149,0.05244888543569969,0.05533371224282269,0.05731564961215518,0.05700848922145747,0.06831238791266296,0.09824305671237299,0.13218134322773878,0.15254750789276889,0.19744760682571155,0.24277575927855694,0.2793788908735273,0.31531146942987676,0.35132423100321564,0.4009408927173605,0.40273527835233447,0.40273415672305296,0.40275886422391166,0.40530026089310955,0.4057211590128683,0.40701284497862705,0.3808685476360768,0.3438206924242389,0.3149446481574309,0.2782291231361522,0.2762715769013563,0.2848578262416652,0.31211477972193413,0.33596388589869736,0.3561789340750157,0.37266178429829877,0.39145902569100927,0.40363550114289304,0.40429896586764064,0.4047614082776661,0.40543458854871284,0.40562869814859986,0.4050654555532525,0.40514906392182165,0.38412546796938135,0.28588152698941527,0.1713360948963267,0.07897910579410039,0.0556464537540842,0.05553063951087482,0.05321348862540343,0.05267650457049402,0.050911133115067064,0.04644123409380717,0.03505102321603608,0.03661492516046129,0.03831475363857952,0.040026336811487775,0.033994690516228415,0.02711883172359226,0.03887066216318899,0.038704372242329914,0.038698368482854864,0.038693117733222086,0.03870039321831234,0.03869665255041718,0.03869475422645903,0.03870047822038397,0.038700618786155425,0.038696738184837584,0.038704648960624546,0.04024515407935066,0.028601561887117127,0.033965590969371004,0.03408994137323164,0.03412709070735515,0.034146587374763594,0.03415645501457332,0.03415621703860601,0.034156701357295004,0.0341482216414313,0.03415452839947843,0.03415467445221436,0.03416839831475389,0.03415296896365235,0.03415968131977778,0.03415725430859826,0.034156300243844896,0.03415451095460763,0.03416267404356454
right_fk_y,-0.25188877747367316,-0.24939614963656576,-0.24850175534845667,-0.2493603646151714,-0.25154130439338795,-0.26581635164469386,-0.26482619368388954,-0.2661246293787684,-0.266132597031123,-0.2661263633087177,-0.26613762574139505,-0.2661284303694322,-0.2661244628348622,-0.26613016758512625,-0.26612420544782817,-0.26612987094174567,-0.2661281804050177,-0.2661231448931122,-0.2661280063943193,-0.2661332195395611,-0.2661268089521496,-0.26613361455098916,-0.26613193481681896,-0.2638133514489828,-0.26380110213156327,-0.26379881279288053,-0.2637958736449129,-0.26378938950360215,-0.26379094852280105,-0.2637975802494877,-0.2637951056103849,-0.26379016579662024,-0.2637914413720582,-0.26379171017795644,-0.26379153839261593,-0.26379672873032295,-0.2637885287198077,-0.263795383121532,-0.26378860087000483,-0.2637920994662196,-0.26379612413993214,-0.26379343079103196,-0.26380375281422874,-0.263795272763864,-0.26379161813749696,-0.26379985726438593,-0.2633366393351294,-0.25862658787399806,-0.26350576680078835,-0.26327959359406866,-0.26194066656810816,-0.26188375011629145,-0.26189908231454434,-0.23912734039606712,-0.23605911530514834,-0.24395463518956723,-0.24596157474550562,-0.25106383877980093,-0.25095174562476114,-0.2528972777561612,-0.25220299936892177,-0.24913850260391104,-0.24103744274021405,-0.2417945076618617,-0.25074420328927916,-0.257877871105243,-0.25382345861327044,-0.25135307166578685,-0.23537127964846424,-0.21882212335803872,-0.2018878574856597,-0.18551681218996258,-0.1724367748890788,-0.1419235641825084,-0.13259056710680886,-0.13215665041698588,-0.1319768591215958,-0.11948996216140785,-0.10723737864289684,-0.10475441374774551,-0.09715590313636441,-0.09422406021527263,-0.09706749966340301,-0.10177707904910742,-0.10216545550106287,-0.0980456821395371,-0.09329473285496843,-0.0906131802856197,-0.08942339660475726,-0.09039814527470304,-0.09368351113377944,-0.09541336741709742,-0.09613681523584464,-0.09771611509574867,-0.10067160057899949,-0.10714915853942741,-0.11114264850746317,-0.11218331743645418,-0.12691917762694319,-0.18973506312314659,-0.24573611840141324,-0.25592940689816607,-0.24326779522438027,-0.2466697808493991,-0.2617508355725697,-0.25796651063199205,-0.24589956094997928,-0.23468541106290236,-0.23416483419508446,-0.2403200143437874,-0.23537870666674188,-0.24043097311446854,-0.23531389483514542,-0.25388049021386755,-0.2588968275314356,-0.25891581308982325,-0.25891421845400975,-0.258916261829358,-0.25891512637189074,-0.2589161848231622,-0.2589166113984615,-0.25890473527135066,-0.25891649554232943,-0.25891081864177845,-0.2589138470076976,-0.2560078378677302,-0.26020484611086747,-0.26007930529597006,-0.2600706619070967,-0.2600728870995737,-0.2600743029971206,-0.26007238280613454,-0.2600692830992783,-0.2600719509985019,-0.2600675174605668,-0.26007288047680177,-0.2600707323169441,-0.26007361933924017,-0.26007086778087685,-0.26007149018876086,-0.26007267953055996,-0.26007279979922393,-0.2600694184996858,-0.26006630940613173
right_fk_z,0.10609473469425242,0.11890610387149558,0.1170800825075579,0.12302757810902315,-0.21641314656675692,-0.21354363173301188,-0.2141104921239853,-0.21528389266572445,-0.2152811202227999,-0.21528344306412178,-0.21527832388147727,-0.21528254504665334,-0.21528392969738802,-0.2152820253112015,-0.21528365462341864,-0.2152824970992376,-0.2152829749635779,-0.21528293081225858,-0.21528268135354925,-0.2152807567492407,-0.2152830431781319,-0.2152811666470115,-0.21528008725250808,-0.21588443059346674,-0.21581876918833273,-0.21582138431368061,-0.21581948695602832,-0.21582125262687696,-0.21582381433519432,-0.21582069179999638,-0.21582021473114724,-0.21582406115388658,-0.21582284590986242,-0.21582346527339524,-0.2158226620066338,-0.21582143768783493,-0.21582515848708922,-0.21582250532077007,-0.2158227538008088,-0.2158222006876298,-0.21581943249247437,-0.21582234967657157,-0.21581791460690225,-0.21582017839250672,-0.21582181232555292,-0.21581888905604948,-0.2158883543480919,-0.21642789099129384,-0.21557107325616937,-0.21533888606450236,-0.21644008784820762,-0.215998946569176,-0.2159940340070648,-0.2127958379945189,-0.19556359380797203,-0.16785095950590453,-0.14008923979804203,-0.1062099859632816,-0.07014159378874299,-0.022016399476214848,0.02507416955925497,0.07383465674960221,0.12943750655278055,0.13027513868699606,0.09623129850773815,0.050028444554591336,0.01648657986689003,-0.002084446935033721,-0.026089954546995045,-0.03908990519131338,-0.04391661120998596,-0.04764913878258281,-0.03938104650738225,0.00906572089933351,0.012958628641087794,0.01300490268795551,0.013043114739304931,0.01664960232277439,0.015441375628310876,0.016371057665873108,0.021963366306163266,0.04561701409313084,0.07189640301549872,0.10873393443592295,0.11127126619266704,0.09843880212622198,0.07463091759580608,0.05481567525009144,0.03835539522419272,0.027493449799756015,0.01633912841628974,0.010973893718703234,0.010787336500439948,0.011815488300408496,0.014089794654646576,0.01752693237303285,0.018309823176881804,0.01834951598475036,0.0011142804883015056,-0.02909849301364787,-0.00423459845767225,0.07409821500301057,0.130603655809405,0.12046227579972235,0.01175934763631039,-0.06967387398024458,-0.149859313867509,-0.2033567817015488,-0.22110417417206416,-0.21984141073508773,-0.22070843707843377,-0.21953351528709533,-0.22111601334133207,-0.2180251590279828,-0.2159366314356217,-0.21594336791513452,-0.2159442035077373,-0.21594509893636832,-0.21594460005355642,-0.21594420942277104,-0.21594462206784135,-0.2159472616834316,-0.21594422235672242,-0.2159455693551191,-0.2159439686940114,-0.21658909460577008,-0.21637299590386141,-0.21608797345883077,-0.21608435767265088,-0.21608100398208285,-0.21607913241396715,-0.21607926691144658,-0.21608008502286,-0.21607934128206374,-0.2160804252311839,-0.21607965612445096,-0.21608015641692052,-0.2160781853194242,-0.21608060998197498,-0.21607878361155802,-0.21607906825925988,-0.2160792079987296,-0.21608053879108186,-0.2160803669683763
